product_name,product_url_image,product_price,product_discount_price,product_stock,product_volume,product_weight
Chitato Lite Sapi Panggang 68gr,https://storage.googleapis.com/indo-astro/Chitato_Lite_Sapi_Panggang_68gr_PRODUCT_1645614135495_240x240.png,9400,,3,1000,68
Happy-tos Tortilla Chips Nacho Cheese 140gr/Keripik Jagung,https://storage.googleapis.com/indo-astro/Happy-tos_Tortilla_Chips_Nacho_Cheese_140gr_Keripik_Jagung_1660101955953_PRODUCT_240x240.png,12500,,2,1960,140
Pringles Saucy BBQ 107gr/Keripik Kentang,https://storage.googleapis.com/indo-astro/Pringles_Saucy_BBQ_107gr_-_Chips_Keripik_Kentang_240x240.png,21900,,4,1078,120
Taro Seaweed 65gr,https://storage.googleapis.com/indo-astro/Taro_Seaweed_65gr_PRODUCT_1645193864881_240x240.png,8000,,13,1008,70
Chitato Lite Salmon Teriyaki 68gr,https://storage.googleapis.com/indo-astro/Chitato_Lite_Salmon_Teriyaki_68gr_PRODUCT_1645614244134_240x240.png,10100,,30,1000,68
Kusuka Barbeque Keripik Singkong 180gr,https://storage.googleapis.com/indo-astro/Barbeque_Kusuka_Keripik_Singkong_180gr_240x240.png,16500,,23,3381,200
Piattos Seaweed 75gr,https://storage.googleapis.com/indo-astro/Piattos_Seaweed_75gr_1649822883774_PRODUCT_240x240.png,9500,6300,29,1000,75
Chitato Sapi Panggang 68gr,https://storage.googleapis.com/indo-astro/Chitato_Sapi_Panggang_68gr_PRODUCT_1645613630213_240x240.png,9400,,27,1000,68
Japota Happy Honey Butter 68gr/Keripik Kentang,https://storage.googleapis.com/indo-astro/Japota_Happy_Honey_Butter_68gr_Keripik_Kentang_PRODUCT_1645164035944_240x240.png,10300,,6,1000,68
Maxicorn Tortilla Chips Barbeque 150gr/Keripik,https://storage.googleapis.com/indo-astro/Maxicorn_Tortilla_Chips_Barbeque_150g_Keripik_240x240.png,10400,,17,5000,150
Taro Potato Barbeque 65gr,https://storage.googleapis.com/indo-astro/Taro_Potato_Barbeque_65gr_PRODUCT_1645193401792_240x240.png,8000,,10,1008,70
Chitato Maxx Spicy Mexican Chili 55gr/Keripik Kentang,https://storage.googleapis.com/indo-astro/Chitato_Maxx_Spicy_Mexican_Chili_55gr_Keripik_Kentang_240x240.png,7600,,20,2160,70
Cheezels Cheezy BBQ 60gr,https://storage.googleapis.com/indo-astro/Cheezels_Cheezy_BBQ_60gr_240x240.png,32400,,3,600,70
Cheezels Cheezy Cheese 60gr,https://storage.googleapis.com/indo-astro/Cheezels_Cheezy_Cheese_60gr_240x240.png,32400,,5,600,70
Chitato Keju Supreme 68gr/Keripik Kentang,https://storage.googleapis.com/indo-astro/Chitato_Keju_Supreme_68gr_-_Potato_Chips_Keripik_Kentang_240x240.png,10000,,29,2016,68
Chitato Lite Nori Seaweed 120gr/Keripik Kentang,https://storage.googleapis.com/indo-astro/Chitato_Lite_Nori_Seaweed_120gr_-_Potato_Chips_Keripik_Kentang_240x240.png,14100,,18,1173,120
Happy-tos Tortilla Chips Corn Red 160gr/Keripik Jagung,https://storage.googleapis.com/indo-astro/Happy-Tos_Tortilla_Chips_Corn_Red_160gr_Keripik_Jagung_240x240.png,12700,,8,2090,60
Japota Umami Japanese Seaweed 68gr/Keripik Kentang,https://storage.googleapis.com/indo-astro/Japota_Umami_Japanese_Seaweed_68gr_-_Potato_Chips_Keripik_Kentang_240x240.png,10100,,1,1000,68
Kusuka Ayam Lada Hitam Keripik Singkong 60gr,https://storage.googleapis.com/indo-astro/Ayam_Lada_Hitam_Kusuka_Keripik_Singkong_60gr_240x240.png,6600,,7,1848,70
Maxicorn Nacho Cheese Tortilla Chips 150gr/Keripik,https://storage.googleapis.com/indo-astro/Maxicorn_Cheese_Tortilla_Chips_150g_Keripik_240x240.png,10400,,20,5000,150
Mr Hottest Maitos Tortilla Chips Jagung BBQ 140gr/Keripik Jagung,https://storage.googleapis.com/indo-astro/Mr_Hottest_Maitos_Tortilla_Chips_Jagung_BBQ_140gr_Keripik_Jagung_240x240.png,10400,,3,1960,140
Nongshim Onion Ring 50gr,https://storage.googleapis.com/indo-astro/Nongshim_Onion_Ring_50gr_240x240.png,16000,,5,918,50
Nongshim Sweet Potato Snack 55gr,https://storage.googleapis.com/indo-astro/Nongshim_Sweet_Potato_Snack_55gr_240x240.png,16000,,4,918,55
Oishi Rinbee Stik Keju 60gr,https://storage.googleapis.com/indo-astro/Oishi_Rinbee_Stik_Keju_70gr_240x240.png,6800,,2,2880,60
Kusuka Original Keripik Singkong 180gr,https://storage.googleapis.com/indo-astro/Original_Kusuka_Keripik_Singkong_180gr_240x240.png,16000,,10,6003,200
Potabee Potato Chips Salted Egg 68gr/Keripik Kentang,https://storage.googleapis.com/indo-astro/Potabee_Potato_Chips_Salted_Egg_68gr_-_Potato_Chips_Keripik_Kentang_240x240.png,9500,,30,1482,68
Pringles Cheese 107gr,https://storage.googleapis.com/indo-astro/Pringles_Cheese_107gr_-_Chips_Keripik_Kentang_240x240.png,21900,,5,1078,120
Qtela Balado 60gr/Keripik,https://storage.googleapis.com/indo-astro/Qtela_Balado_60gr_Cassava_Chips_Keripik_240x240.png,6600,,7,2688,60
Qtela Barbeque 185gr,https://storage.googleapis.com/indo-astro/Qtela_Barbeque_185gr_Cassava_Chips_Keripik__240x240.png,14100,,7,2688,185
Qtela Barbeque 60gr/Keripik,https://storage.googleapis.com/indo-astro/Qtela_Barbeque_60gr_Cassava_Chips_Keripik_240x240.png,6600,,7,2688,60
Kusuka Rumput Laut Keripik Singkong 60gr,https://storage.googleapis.com/indo-astro/Rumput_Laut_Kusuka_Keripik_Singkong_60gr_240x240.png,6600,,4,1848,70
TaoKaeNoi Big Sheet Classic 4gr/Rumput Laut ,https://storage.googleapis.com/indo-astro/TaoKaeNoi_Big_Sheet_Laut_Classic_4gr_Rumput_Laut__240x240.png,4400,,3,240,10
TaoKaeNoi Big Sheet Hot Spicy 4gr/Rumput Laut ,https://storage.googleapis.com/indo-astro/TaoKaeNoi_Big_Sheet_Hot_Spicy_4gr_Rumput_Laut__240x240.png,4400,,6,240,10
Taro Net Mix Teriyaki BBQ 65gr,https://storage.googleapis.com/indo-astro/Taro_Net_Mix_Teriyaki_BBQ_65gr_PRODUCT_1645193330766_240x240.png,8100,,3,1008,65
Ika's Fish Snack BBQ 120gr,https://storage.googleapis.com/indo-astro/Ika's_Fish_Snack_BBQ_120gr_1659000195556_PRODUCT_240x240.png,37100,,6,1947,120
Ika's Fish Snack Hot & Spicy 120gr,https://storage.googleapis.com/indo-astro/Ika's_Fish_Snack_Hot_&_Spicy_120gr_1659000211501_PRODUCT_240x240.png,37100,,4,1947,120
Qtela Original 180gr,https://storage.googleapis.com/indo-astro/Qtela_Original_180gr_1658382101271_PRODUCT_240x240.png,14000,,1,1485,180
Chip Chip Hooray Premium Taro Snack - Sambal Jeruk,https://storage.googleapis.com/indo-astro/Chip_Chip_Hooray_Premium_Taro_Snack_-_Sambal_Jeruk_1656935370882_PRODUCT_240x240.png,16500,,1,1305,75
Snack Chiki Balls Curious Choco 200gr,https://storage.googleapis.com/indo-astro/Snack_Chiki_Balls_Curious_Choco_200gr_1654485664588_PRODUCT_240x240.png,19500,,18,1862,200
Snack Chiki Balls Cheeky Chicken 200gr,https://storage.googleapis.com/indo-astro/Snack_Chiki_Balls_Cheeky_Chicken_200gr_1654485677901_PRODUCT_240x240.png,19500,,18,1862,200
Boncabe Makaroni Krispy Rasa Keju Pedas Level 2 150gr,https://storage.googleapis.com/indo-astro/Boncabe_Makaroni_Krispy_Rasa_Keju_Pedas_Level_2_150gr_1653021189089_PRODUCT_240x240.png,9200,8200,5,1000,150
OOPS Roasted Sweet Corn 45gr,https://storage.googleapis.com/indo-astro/OOPS_Roasted_Sweet_Corn_45gr_1655460279388_PRODUCT_240x240.png,3800,,1,1000,45
OOPS Baked Chicken Tomato 45gr,https://storage.googleapis.com/indo-astro/OOPS_Baked_Chicken_Tomato_45gr_1652423015736_PRODUCT_240x240.png,3800,,1,1000,45
Piattos Sambal Geprek 75gr,https://storage.googleapis.com/indo-astro/Piattos_Sambal_Geprek_75gr_1649822865807_PRODUCT_240x240.png,9500,6300,2,1000,75
Piattos Sambal Matah 75gr,https://storage.googleapis.com/indo-astro/Piattos_Sambal_Matah_75gr_1649822875236_PRODUCT_240x240.png,9500,6300,3,1000,75
Piattos BBQ Rejuvenate 75gr,https://storage.googleapis.com/indo-astro/Piattos_BBQ_Rejuvenate_75gr_1649822913015_PRODUCT_240x240.png,9500,6300,3,1000,75
Garuda Crunchy O'Corn Sea Salt 96gr,https://storage.googleapis.com/indo-astro/Garuda_Crunchy_O'Corn_Sea_Salt_96gr_1652239993188_PRODUCT_240x240.png,14500,,6,1000,96
Keripik Pisang Zanana Creamy Milk 80gr,https://storage.googleapis.com/indo-astro/Keripik_Pisang_Zanana_Creamy_Milk_80gr_1652240629550_PRODUCT_240x240.png,19500,,1,1000,80
Keripik Pisang Zanana Brown Chocolate 80gr,https://storage.googleapis.com/indo-astro/Keripik_Pisang_Zanana_Brown_Chocolate_80gr_1652240667138_PRODUCT_240x240.png,19500,,5,1000,80
Oriental Cheese Ball 80gr,https://storage.googleapis.com/indo-astro/Oriental_Cheese_Ball_80gr_1647852774811_PRODUCT_240x240.png,25000,,6,1000,80
Oriental Super Ring 60gr,https://storage.googleapis.com/indo-astro/Oriental_Super_Ring_60gr_1649127087649_PRODUCT_240x240.png,10000,,6,1000,60
Good Living Banana Chips Black Truffle Flavor 55gr,https://storage.googleapis.com/indo-astro/Good_Living_Banana_Chips_Black_Truffle_Flavor_55gr_PRODUCT_240x240.png,19200,,5,1000,55
Good Living Banana Chips Honey Flavor 55gr,https://storage.googleapis.com/indo-astro/Good_Living_Banana_Chips_Honey_Flavor_55gr_PRODUCT_240x240.png,19200,,4,1000,55
Good Living Banana Chips Chocolate Flavor 55gr,https://storage.googleapis.com/indo-astro/Good_Living_Banana_Chips_Chocolate_Flavor_55gr_PRODUCT_240x240.png,19200,,8,1000,55
Chitato Sapi Bumbu Bakar 68gr,https://storage.googleapis.com/indo-astro/Chitato_Sapi_Bumbu_Bakar_68gr_PRODUCT_1645613989494_240x240.png,9400,,5,1000,68
Chitato Lite Rumput Laut 68gr,https://storage.googleapis.com/indo-astro/Chitato_Lite_Rumput_Laut_68gr_PRODUCT_1645613896801_240x240.png,9400,,21,1000,68
Chiki Twist Jagung Bakar 40gr,https://storage.googleapis.com/indo-astro/Chiki_Twist_Jagung_Bakar_40gr_PRODUCT_1645612731352_240x240.png,3800,,15,1000,40
Chiki Twist Ayam Panggang 40gr,https://storage.googleapis.com/indo-astro/Chiki_Twist_Ayam_Panggang_40gr_PRODUCT_1645612618889_240x240.png,3800,,7,1000,40
Tricks Rendang Baked Crisps 15g isi 10pc - New Pack,https://storage.googleapis.com/indo-astro/Tricks_Rendang_Baked_Crisps_15g_isi_10pc_-_New_Pack_PRODUCT_1645879560999_240x240.png,12200,,6,1000,150
Tricks Bulgogi Baked Crisps 15g isi 10pc - New Pack,https://storage.googleapis.com/indo-astro/Tricks_Bulgogi_Baked_Crisps_15g_isi_10pc_-_New_Pack_PRODUCT_1645879569335_240x240.png,12200,,5,1000,150
Tricks Original Baked Crisps 15g isi 10pc - New Pack,https://storage.googleapis.com/indo-astro/Tricks_Original_Baked_Crisps_15g_isi_10pc_-_New_Pack_PRODUCT_1645879581744_240x240.png,12200,,7,1149.5,150
Tricks Kimchi Baked Crisps 15g isi 10pc - New Pack,https://storage.googleapis.com/indo-astro/Tricks_Kimchi_Baked_Crisps_15g_isi_10pc_-_New_Pack_PRODUCT_1645879590556_240x240.png,12200,,4,1000,150
Nongshim Shrimp Chips 75gr,https://storage.googleapis.com/indo-astro/Nongshim_Shrimp_Chips_75gr_PRODUCT_1644469485628_240x240.png,18500,,6,1000,75
Happy-tos Tortilla Chips Hot Chili 140gr,https://storage.googleapis.com/indo-astro/Happy-tos_Tortilla_Chips_Hot_Chili_140gr_1660101935434_PRODUCT_240x240.png,11100,7400,14,1000,140
Qtela Keripik Tempe Original  55gr,https://storage.googleapis.com/indo-astro/Qtela_Keripik_Tempe_Original__60gr_240x240.png,6500,,4,1000,55
Qtela Keripik Tempe Cabe Rawit 60gr,https://storage.googleapis.com/indo-astro/Qtela_Keripik_Tempe_Cabe_Rawit_60gr_240x240.png,6500,,9,1000,60
Aroma Black Summer Truffle Potato Chips Original 100gr/Keripik Kentang,https://storage.googleapis.com/indo-astro/Aroma_Black_Summer_Truffle_Potato_Chips_Original_100gr_Keripik_Kentang_240x240.png,131300,,5,1000,100
Chitato Ayam Bumbu 68gr,https://storage.googleapis.com/indo-astro/Chitato_Ayam_Bumbu_68gr_Potato_Chips_Keripik_Kentang_240x240.png,9900,,30,1000,68
Banana Chips Seaweed 80gr - Everything Banana,https://storage.googleapis.com/indo-astro/Banana_Chips_Seaweed_80gr_-_Everything_Banana_240x240.png,29800,23800,8,1000,80
Banana Chips Sugar Cinnamon 80gr - Everything Banana,https://storage.googleapis.com/indo-astro/Banana_Chips_Sugar_Cinnamon_80gr_-_Everything_Banana_240x240.png,29800,23800,5,1000,80
Lemonilo Chimi Taro Chips Jagung Balado 40gr/Keripik Ubi,https://storage.googleapis.com/indo-astro/Lemonilo_Chimi_Jagung_Balado_40gr_-_Taro_Chips_Keripik_Ubi_240x240.png,10000,,4,1000,40
Lemonilo Chimi Taro Chips Jagung Bakar 40gr/Keripik Ubi,https://storage.googleapis.com/indo-astro/Lemonilo_Chimi_Jagung_Bakar_40gr_-_Taro_Chips_Keripik_Ubi_240x240.png,10000,,6,1000,40
Lorenz Naturals Sea and Salt Pepper 100gr/Keripik Kentang,https://storage.googleapis.com/indo-astro/Lorenz_Naturals_Sea_and_Salt_Pepper_100gr_Potato_Chips_Keripik_Kentang_240x240.png,30200,,2,1000,100
Lorenz Naturals Mild Paprika 100gr/Keripik Kentang,https://storage.googleapis.com/indo-astro/Lorenz_Naturals_Mild_Paprika_100gr_Potato_Chips_Keripik_Kentang_240x240.png,29900,,3,1000,100
Nongshim Onion Ring 90gr,https://storage.googleapis.com/indo-astro/Nongshim_Onion_Ring_90gr_240x240.png,17700,,4,918,90
Chiki Twist Jagung Bakar 75gr,https://storage.googleapis.com/indo-astro/Chiki_Twist_Jagung_Bakar_75gr_240x240.png,6600,,0,2112,75
Chitato Sapi Panggang 168gr/Keripik Kentang,https://storage.googleapis.com/indo-astro/Chitato_Sapi_Panggang_168gr_Chips_Keripik_Kentang_240x240.png,24300,,0,3910,180
Happy-tos Tortilla Chips Corn Green 160gr/Keripik Jagung,https://storage.googleapis.com/indo-astro/Happy-Tos_Tortilla_Chips_Corn_Green_160gr_Keripik_Jagung_240x240.png,12700,,0,3528,160
Mr Hottest Maitos Tortilla Chips Sambal Balado 140gr/Keripik Jagung,https://storage.googleapis.com/indo-astro/Mr_Hottest_Maitos_Tortilla_Chips_Sambal_Balado_140gr_Keripik_Jagung_240x240.png,10400,,0,1960,140
Nongshim Shrimp Crackers 75gr,https://storage.googleapis.com/indo-astro/Nongshim_Shrimp_Crackers_75gr_240x240.png,19200,,0,918,75
Oishi Sponge Crunch Coklat 100gr,https://storage.googleapis.com/indo-astro/Oishi_Sponge_Crunch_Coklat_100gr_240x240.png,11400,,0,2496,100
Potabee Potato Chips Ayam Bakar Alfoil 68gr/Keripik Kentang,https://storage.googleapis.com/indo-astro/Potabee_Potato_Chips_Ayam_Bakar_Alfoil_68gr_Keripik_Kentang_240x240.png,9500,,0,1482,68
Potabee Potato Chips Beef BBQ 68gr/Keripik Kentang,https://storage.googleapis.com/indo-astro/Potabee_Potato_Chips_Beef_BBQ_68gr_-_Potato_Chips_Keripik_Kentang_240x240.png,9500,,0,1482,68
Potabee Potato Chips Wagyu Beef Steak 68gr/Keripik Kentang,https://storage.googleapis.com/indo-astro/Potabee_Potato_Chips_Wagyu_Beef_Steak_68gr_Keripik_Kentang_240x240.png,9500,,0,1482,68
Pringles Original 107gr/Keripik Kentang,https://storage.googleapis.com/indo-astro/Pringles_Original_107gr_-_Chips_Keripik_Kentang_240x240.png,21900,,0,1078,120
Pringles Sour Cream & Onion 107gr/Keripik Kentang,https://storage.googleapis.com/indo-astro/Pringles_Sour_Cream_&_Onion_107gr_-_Chips_Keripik_Kentang_240x240.png,21900,,0,1078,160
Siantar Top Kentang Goreng French Fries 2000 62gr,https://storage.googleapis.com/indo-astro/Siantar_Top_Kentang_Goreng_French_Fries_2000_62gr_240x240.png,7600,,0,2484,62
Bento Ikan & Cumi Rasa Saus Thailand 24gr,https://storage.googleapis.com/indo-astro/Bento_Ikan_&_Cumi_Rasa_Saus_Thailand_24gr_1659000247432_PRODUCT_240x240.png,20500,,0,430.95,24
Potabee Seaweed 68gr,https://storage.googleapis.com/indo-astro/Potabee_Seaweed_68gr_1660031570121_PRODUCT_240x240.png,8900,,0,1000,68
Piattos Sapi Panggang Jumbo Pack 120gr,https://storage.googleapis.com/indo-astro/Piattos_Sapi_Panggang_Jumbo_Pack_120gr_1655266112776_PRODUCT_240x240.png,14000,,0,13020,120
Ika's Fish Snack Original 120gr ,https://storage.googleapis.com/indo-astro/Ika's_Fish_Snack_Original_120gr__1654592307457_PRODUCT_240x240.png,37500,,0,8160,120
Bento Ikan & Cumi Rasa Pedas Manis 24gr,https://storage.googleapis.com/indo-astro/Bento_Ikan_&_Cumi_Rasa_Pedas_Manis_24gr_1654592244544_PRODUCT_240x240.png,19800,,0,676,24
Boncabe Makaroni Krispy Level 15 150gr,https://storage.googleapis.com/indo-astro/Boncabe_Makaroni_Krispy_Level_15_150gr_1653021145178_PRODUCT_240x240.png,9200,,0,1000,150
Boncabe Makaroni Krispy Level 10 150gr,https://storage.googleapis.com/indo-astro/Boncabe_Makaroni_Krispy_Level_10_150gr_1653021100162_PRODUCT_240x240.png,9200,,0,1000,150
Potabee Selection Black Truffle 65gr,https://storage.googleapis.com/indo-astro/Potabee_Selection_Black_Truffle_65gr_1650346345186_PRODUCT_240x240.png,9000,,0,1000,65
Piattos Sapi Panggang 75gr,https://storage.googleapis.com/indo-astro/Piattos_Sapi_Panggang_75gr_1649822903798_PRODUCT_240x240.png,9500,,0,1000,75
Chitato Asli 68gr,https://storage.googleapis.com/indo-astro/Chitato_Asli_68gr_PRODUCT_1645614605135_240x240.png,9400,,0,1000,68
Chiki Twist Ayam Panggang 75gr,https://storage.googleapis.com/indo-astro/Chiki_Twist_Ayam_Panggang_75gr_PRODUCT_1645612424379_240x240.png,5600,,0,1000,75
Bin Bin Original Rice Crackers 150gr,https://storage.googleapis.com/indo-astro/Bin_Bin_Original_Rice_Crackers_150gr_240x240.png,26300,,0,1000,120
Melts with Crunch 130gr,https://storage.googleapis.com/indo-astro/Melts_with_Crunch_130gr_240x240.png,27300,,6,360,150
Melts Dark Chocolate Cookies 120gr,https://storage.googleapis.com/indo-astro/Melts_Dark_Chocolate_Cookies_120gr_240x240.png,35400,,3,2156,140
Storck Knoppers Wafer 3x25gr,https://storage.googleapis.com/indo-astro/Storck_Knoppers_3x25gr_240x240.png,32300,,0,494,75
Nyamnyam Bubble Puff Choco Cream 18gr,https://storage.googleapis.com/indo-astro/Nyamnyam_Bubble_Puff_Choco_Cream_18gr_240x240.png,3600,,0,294,18
Gery Malkist Saluut Sweet Cheese Crackers 110gr,https://storage.googleapis.com/indo-astro/Gery_Malkist_Saluut_Sweet_Cheese_Crackers_110gr_240x240.png,7600,,0,840,110
Khong Guan Saltcheese Cracker 200gr,https://storage.googleapis.com/indo-astro/Khong_Guan_Saltcheese_Cracker_200gr_240x240.png,9800,,0,608,200
Meiji Crackers Plain With Oat 104gr/Biskuit,https://storage.googleapis.com/indo-astro/Meiji_Crackers_Plain_With_Oat_104gr_240x240.png,28500,,0,1000,104
Monde Butter Cookies 150gr,https://storage.googleapis.com/indo-astro/Monde_Butter_Cookies_150gr_240x240.png,18200,,0,520,194
Monde Collon Vanilla 50gr,https://storage.googleapis.com/indo-astro/Monde_Collon_Vanilla_50gr_240x240.png,6600,,0,420,71
Monde Snack Gold 60gr,https://storage.googleapis.com/indo-astro/Monde_Snack_Gold_60gr_240x240.png,4100,,0,1440,74
Monde Snack Spicy 50gr,https://storage.googleapis.com/indo-astro/Monde_Snack_Spicy_50gr_240x240.png,4100,,0,1440,70
Nissin Lemonia Lemon Flavored Biscuit 130gr/Biskuit,https://storage.googleapis.com/indo-astro/Nissin_Lemonia_Lemon_Flavored_Biscuit_130gr_Biskuit_240x240.png,7000,,0,1092,130
Nissin Longer Stick Biscuits 100gr/Biskuit,https://storage.googleapis.com/indo-astro/Nissin_Longer_Stick_Biscuits_100gr_Biskuit_240x240.png,7000,,0,608,115
Nyamnyam Fantasy Stick Choco Berry 25gr,https://storage.googleapis.com/indo-astro/Nyamnyam_Fantasy_Stick_Choco_Berry_25gr_240x240.png,3800,,0,320,25
Oreo Red Velvet 133gr,https://storage.googleapis.com/indo-astro/Oreo_Red_Velvet_133gr_240x240.png,9600,,0,588,140
Ritz Sandwich Biskuit Rasa Keju 118gr,https://storage.googleapis.com/indo-astro/Ritz_Sandwich_Biskuit_Rasa_Keju_118gr_240x240.png,9100,,0,1127,120
Roma Malkist Abon Crackers 135gr,https://storage.googleapis.com/indo-astro/Roma_Malkist_Abon_Crackers_135gr_240x240.png,7000,,0,1008,200
Roma Kelapa Vanilla Milk Cream Sandwich Cookies 180gr,https://storage.googleapis.com/indo-astro/Roma_Kelapa_Vanilla_Milk_Cream_Sandwich_Cookies_180gr_240x240.png,10500,,0,640,180
Roma Malkist Crackers 135gr,https://storage.googleapis.com/indo-astro/Roma_Malkist_Crackers_135gr_240x240.png,6100,,0,1064,150
Roma Malkist Salut Cokelat Cracker 105gr,https://storage.googleapis.com/indo-astro/Roma_Malkist_Salut_Cokelat_Cracker_105gr_240x240.png,8100,,0,546,105
Roma Sari Gandum Cokelat 115gr,https://storage.googleapis.com/indo-astro/Roma_Sari_Gandum_Coklat_115gr_240x240.png,7500,,0,600,200
Tango Crunchox Waffle 35gr,https://storage.googleapis.com/indo-astro/Tango_Crunchox_Waffle_35gr_240x240.png,2600,,0,154,40
Tango Wafer Pouch Vanilla 115gr,https://storage.googleapis.com/indo-astro/Tango_Wafer_Pouch_Vanilla_115gr_1647573388193_PRODUCT_240x240.png,10400,,0,3456,130
Meiji Hello Panda Biskuit Isi Krim Rasa Susu 45gr,https://storage.googleapis.com/indo-astro/Meiji_Hello_Panda_Biskuit_Isi_Krim_Rasa_Susu_45gr_1660031060944_PRODUCT_240x240.png,8500,,0,1140,45
Nissin Crispy Crackers 250gr,https://storage.googleapis.com/indo-astro/Nissin_Crispy_Crackers_250gr_1660060015168_PRODUCT_240x240.png,11200,,0,1440,250
Oreo Soft Cake 16gr,https://storage.googleapis.com/indo-astro/Oreo_Soft_Cake_16gr_1657858967766_PRODUCT_240x240.png,2600,,0,120,16
Monde Genji Raisin Pie 95gr,https://storage.googleapis.com/indo-astro/Monde_Genji_Raisin_Pie_95gr_1657092749908_PRODUCT_240x240.png,14800,,0,660,95
Monde Genji Original Pie 85gr,https://storage.googleapis.com/indo-astro/Monde_Genji_Original_Pie_85gr_1657092771306_PRODUCT_240x240.png,14800,,0,660,85
Astor Chocolate Wafer Stick 40gr,https://storage.googleapis.com/indo-astro/Astor_Chocolate_Wafer_Stick_40gr_1656510471116_PRODUCT_240x240.png,5800,,0,357,40
Astor Chocolate Wafer Stick 150gr,https://storage.googleapis.com/indo-astro/Astor_Chocolate_Wafer_Stick_150gr_1656510369567_PRODUCT_240x240.png,14000,,0,792,150
Nextar Nastar Pineapple 96gr,https://storage.googleapis.com/indo-astro/Nextar_Nastar_Pineapple_96gr_1654510054076_PRODUCT_240x240.png,8000,,0,350,96
Tango Waffle Cranch Chox 130gr,https://storage.googleapis.com/indo-astro/Tango_Waffle_Cranch_Chox_130gr_1652781456044_PRODUCT_240x240.png,7100,,0,1000,130
Tango Wafer Pouch Choco Tiramisu 115gr,https://storage.googleapis.com/indo-astro/Tango_Wafer_Pouch_Choco_Tiramisu_115gr_PRODUCT_1646723820276_240x240.png,10400,,0,1000,115
Tango Waffle Cranchox King Size Limited Edition 350gr,https://storage.googleapis.com/indo-astro/Tango_Waffle_Cranchox_King_Size_Limited_Edition_350gr_1647503596361_PRODUCT_240x240.png,53100,,0,1000,350
Apollo Wafer Chocolate isi 12pc 144g,https://storage.googleapis.com/indo-astro/Apollo_Wafer_Chocolate_isi_12pc_144g_PRODUCT_1646562045658_240x240.png,9600,,0,1000,144
Slai O'Lai Biscuit Strawberry 128gr,https://storage.googleapis.com/indo-astro/Slai_O'Lai_Biscuit_Strawberry_128gr_240x240.png,5300,,0,1000,128
Slai O'Lai Biscuit Blueberry 128gr,https://storage.googleapis.com/indo-astro/Slai_O'Lai_Biscuit_Blueberry_128gr_240x240.png,5300,,0,1000,128
Slai O'Lai Biscuit Pineapple 128gr,https://storage.googleapis.com/indo-astro/Slai_O'Lai_Biscuit_Pineapple_128gr_240x240.png,5300,,0,1000,128
Kit Kat Chunky Wafer Milk Chocolate Cokelat 38gr,https://storage.googleapis.com/indo-astro/Kit_Kat_Chunky_Wafer_Milk_Chocolate_Cokelat_38gr_240x240.png,13700,,0,120,38
Ferrero Rocher box isi 24 pcs 300gr/Cokelat,https://storage.googleapis.com/indo-astro/Ferrero_Rocher_box_isi_24_pcs_300gr_Cokelat_240x240.png,176800,,1,1000,300
Silverqueen Classic Almond 62gr/Cokelat,https://storage.googleapis.com/indo-astro/Silverqueen_Classic_Almond_62gr_Coklat_240x240.png,16000,,5,75,65
Delfi Take It 4Fingers Dark 35gr/Cokelat,https://storage.googleapis.com/indo-astro/Delfi_Take_It_4Fingers_Dark_35gr_Coklat_240x240.png,8100,,14,99,35
Delfi Chocolate Almond Cokelat 50gr,https://storage.googleapis.com/indo-astro/Delfi_Chocolate_Almond_Cokelat_50gr_240x240.png,13700,,22,1000,50
Schogetten Lotus Biscoff 100gr,https://storage.googleapis.com/indo-astro/Schogetten_Lotus_Bisscoff_100gr_PRODUCT_240x240.png,55600,,13,1000,100
Kinder Joy Chocolate For Boys 1 Pcs 20gr/Cokelat,https://storage.googleapis.com/indo-astro/Kinder_Joy_Chocolate_For_Boys_-_1pc_20gr_240x240.png,13600,,20,800,20
Delfi Chic Choc 50gr/Cokelat,https://storage.googleapis.com/indo-astro/Delfi_Chic_Choc_50gr_Coklat_240x240.png,8600,,15,144,50
Beng-beng 25gr isi 17pcs,https://storage.googleapis.com/indo-astro/Beng-beng_25gr_isi_17pcs_PRODUCT_1645610711193_240x240.png,36900,,9,1000,425
Fullo Stick Cokelat Box,https://storage.googleapis.com/indo-astro/Fullo_Stick_Cokelat_Box_1653975481186_PRODUCT_240x240.png,14500,,3,1000,240
Cadbury Dairy Milk Lickables Cup 20gr/Cokelat,https://storage.googleapis.com/indo-astro/Cadbury_Dairy_Milk_Lickables_Cup_20gr_-_Coklat_240x240.png,12700,,20,216,20
Poka Ball Biskuit Salut Coklat 38gr,https://storage.googleapis.com/indo-astro/Poka_Ball_Biskuit_Salut_Coklat_38gr_PRODUCT_1645784593413_240x240.png,5100,,22,1000,38
Delfi Cha Cha Minis Surprise Toy Tube 2x17gr/Cokelat,https://storage.googleapis.com/indo-astro/Delfi_Cha_Cha_Minis_Surprise_Toy_Tube_2x17gr_240x240.png,16000,,12,240,17
Delfi Maltitos 40gr/Cokelat,https://storage.googleapis.com/indo-astro/Delfi_Maltitos_40gr_Coklat_240x240.png,8000,,3,144,45
Delfi Take It 4Fingers Milk 35gr/Cokelat,https://storage.googleapis.com/indo-astro/Delfi_Take_It_4Fingers_Milk_35gr_Coklat_240x240.png,8100,,26,99,35
Hershey's Kisses Chocolate Almond 36gr/Cokelat ,https://storage.googleapis.com/indo-astro/Hershey's_Kisses_Chocolate_Almond_36gr_Cokelat__240x240.png,19900,,10,520,40
Hershey's Kisses Chocolate Cookies & Cream 36gr/Cokelat,https://storage.googleapis.com/indo-astro/Hershey's_Kisses_Chocolate_Cookies_&_Cream_Cokelat_36gr_240x240.png,19900,,13,520,40
Hershey's Kisses Chocolate Milk 36gr/Cokelat ,https://storage.googleapis.com/indo-astro/Hershey's_Kisses_Chocolate_Milk_Chocolate_36g_Cokelat__240x240.png,19900,,18,520,40
Kinder Joy Chocolate For Girls 1 Pcs 20gr/Cokelat,https://storage.googleapis.com/indo-astro/Kinder_Joy_Chocolate_For_Girls_-_1pc_20gr_240x240.png,13600,,9,800,20
Milo Energy Cube 100 Pcs,https://storage.googleapis.com/indo-astro/Milo_Energy_Cube_100_Pcs_PRODUCT_240x240.png,58300,,18,1248,285
Nutella & Go! 48gr,https://storage.googleapis.com/indo-astro/Nutella_&_Go!_48gr_240x240.png,32900,,8,448,48
Reese Peanut Butter Cups 2 Pcs 42gr/Cokelat,https://storage.googleapis.com/indo-astro/Reese_Peanut_Butter_Cups_-_2_pcs_240x240.png,39500,,19,140,200
Silverqueen Chunky Bar Cashew 95gr/Cokelat,https://storage.googleapis.com/indo-astro/Silverqueen_Chunky_Bar_Cashew_95gr_Coklat_240x240.png,22800,,7,595,95
Silverqueen Classic Cashew 62gr/Cokelat,https://storage.googleapis.com/indo-astro/Silverqueen_Classic_Cashew_62gr_Coklat_240x240.png,16000,,2,75,65
Thin Bites Dark Chocolate Blueberry w/ Quinoa Crunch 130gr/Cokelat,https://storage.googleapis.com/indo-astro/Thin_Bites_Dark_Chocolate_Cokelat__Blueberry_w__Quinoa_Crunch_130gr_240x240.png,65700,,1,1275,130
Twister Black Vanilla 80gr/Cokelat,https://storage.googleapis.com/indo-astro/Twister_Black_Vanilla_80gr_Coklat_240x240.png,8000,,2,1584,80
Twister Chocolate 80gr/Cokelat,https://storage.googleapis.com/indo-astro/Twister_Chocolate_80gr_Coklat_240x240.png,8000,,5,1584,80
Whittaker's Chocolate Bar Creamy Milk 200gr/Cokelat,https://storage.googleapis.com/indo-astro/Whittaker's_Chocolate_Bar_Creamy_Milk_200gr_240x240.png,89900,,9,252,200
Ritter Sport Mini Tower Nut 116gr,https://storage.googleapis.com/indo-astro/Ritter_Sport_Mini_Tower_Nut_116gr_1658381237059_PRODUCT_240x240.png,92500,,3,2000,116
Silverqueen Bites Dark Chocolate 35gr,https://storage.googleapis.com/indo-astro/Silverqueen_Bites_Dark_Chocolate_35gr_1658391094969_PRODUCT_240x240.png,9000,,4,576,35
Silverqueen Bites Chocolate Cashew 35gr,https://storage.googleapis.com/indo-astro/SilverQueen_Bites_Chocolate_Cashew_35gr_1658391123903_PRODUCT_240x240.png,8800,,1,972,35
Silverqueen Bites Chocolate Almond 35gr,https://storage.googleapis.com/indo-astro/Silverqueen_Bites_Chocolate_Almond_35gr_1658391167368_PRODUCT_240x240.png,9200,,4,880,35
Delfi Chacha Milk Chocolate 50gr,https://storage.googleapis.com/indo-astro/Delfi_Chacha_Milk_Chocolate_50gr_1649752163490_PRODUCT_240x240.png,8500,,5,1000,50
Delfi Chacha Peanut 50gr,https://storage.googleapis.com/indo-astro/Delfi_Chacha_Peanut_50gr_1649752171519_PRODUCT_240x240.png,8500,,6,1000,50
Lucky Stick Choco Coffee 38gr,https://storage.googleapis.com/indo-astro/Lucky_Stick_Choco_Coffee_38gr_PRODUCT_1644291541340_240x240.png,9500,,40,1000,38
Lucky Stick Chocolate 45gr,https://storage.googleapis.com/indo-astro/Lucky_Stick_Chocolate_45gr_PRODUCT_1644291112603_240x240.png,9500,,3,1000,45
Delfi Chocolate Cashew Cokelat 50gr,https://storage.googleapis.com/indo-astro/Delfi_Chocolate_Cashew_Cokelat_50gr_240x240.png,13700,,12,1000,50
Kinder Bueno Chocolate Cokelat 43gr,https://storage.googleapis.com/indo-astro/Kinder_Bueno_Chocolate_Cokelat_43gr_240x240.png,14200,,6,1000,43
Naraya Gold Coin Chocolate Cokelat Bag 200gr,https://storage.googleapis.com/indo-astro/Naraya_Gold_Coin_Chocolate_Cokelat_Bag_200gr_240x240.png,40300,,4,1000,200
Toblerone Dark Chocolate 100gr/Cokelat,https://storage.googleapis.com/indo-astro/Toblerone_Dark_Chocolate_100gr_Cokelat_240x240.png,36800,,4,1000,100
Cadbury Dairy Milk Chocolate 30gr/Cokelat,https://storage.googleapis.com/indo-astro/Cadbury_Dairy_Milk_Chocolate_30gr_-_Cokelat_240x240.png,7900,,0,128,30
Cadbury Dairy Milk Chocolate 62gr/Cokelat,https://storage.googleapis.com/indo-astro/Cadbury_Dairy_Milk_Chocolate_62gr_-_Cokelat_240x240.png,16000,,0,216,62
Cadbury Dairy Milk Oreo 60gr/Cokelat,https://storage.googleapis.com/indo-astro/Cadbury_Dairy_Milk_Oreo_60gr_-_Cokelat_240x240.png,18000,,0,216,60
Nutella B-Ready T1 22 Gr,https://storage.googleapis.com/indo-astro/Nutella_B-Ready_T1_22_Gr_1649320051345_PRODUCT_240x240.png,7600,,0,1000,22
Kit Kat Wafer Finger isi 6 Pcs 102gr/Cokelat,https://storage.googleapis.com/indo-astro/Kit_Kat_Wafer_Finger_isi_6pc_102gr_Cokelat_240x240.png,28000,,0,240,102
Kit Kat 4 Fingers 35gr/Cokelat,https://storage.googleapis.com/indo-astro/Kit_Kat_4_Fingers_35gr_Cokelat_1650595003504_PRODUCT_240x240.png,9900,,0,77,40
Silverqueen Green Tea Matcha 28gr/Cokelat,https://storage.googleapis.com/indo-astro/Silverqueen_Green_Tea_Matcha_28g___Coklat_Matcha_240x240.png,8600,,0,30,28
Silverqueen Very Bery Yoghurt 28gr/Cokelat,https://storage.googleapis.com/indo-astro/Silverqueen_Very_Bery_Yoghurt_28gr_Coklat_240x240.png,11500,,0,30,28
Choki - Choki Cokelat Cashew isi 20pcs,https://storage.googleapis.com/indo-astro/Choki_-_Choki_Cokelat_Cashew_isi_20pcs_1654770945125_PRODUCT_240x240.png,19900,,0,350,200
Kit Kat 2 Fingers 17gr,https://storage.googleapis.com/indo-astro/Kit_Kat_2_Fingers_17gr_1650263076968_PRODUCT_240x240.png,4500,,0,1000,17
Toblerone Milk  Chocolate 100gr/Cokelat,https://storage.googleapis.com/indo-astro/Toblerone_Milk__Chocolate_100gr_Cokelat_240x240.png,36800,,0,1000,100
Strepsils Vitamin C 1 Sachet isi 8 tablet/Permen ,https://storage.googleapis.com/indo-astro/Strepsils_Vitamin_C_Permen_1_sachet_isi_8_240x240.png,16200,,25,70,21
Ricola Can Menthol 100gr/Permen,https://storage.googleapis.com/indo-astro/Ricola_Can_Menthol_100gr_Permen_1658809233043_PRODUCT_240x240.png,31300,25000,16,162,100
Permen Alba Pastilles 100gr,https://storage.googleapis.com/indo-astro/Permen_Alba_Pastilles_100gr_Permen_240x240.png,13200,,3,640,100
Fisherman's Friend Original Extra Strong Sachet 25gr/Permen,https://storage.googleapis.com/indo-astro/Fishermans_Friend_Original_Extra_Strong_Sachet_25gr_Permen_240x240.png,17100,,2,154,25
Fisherman's Friend Blackcurrant 25gr/Permen,https://storage.googleapis.com/indo-astro/Fisherman's_Friend_Blackcurrant_Permen_-_25gr_240x240.png,16600,,2,77,25
Fisherman's Friend Honey & Lemon 25gr/Permen,https://storage.googleapis.com/indo-astro/Fisherman's_Friend_Honey_&_Lemon_Permen_-_25gr_240x240.png,13700,,1,77,25
Fox's Crystal Clear Fruits Kaleng 180gr/Permen,https://storage.googleapis.com/indo-astro/Fox's_Crystal_Clear_Fruits_Kaleng_180gr_Permen_240x240.png,22000,,3,891,260
Fox's Crystal Clear Fruits 90gr isi 20 Pcs/Permen,https://storage.googleapis.com/indo-astro/Fox's_Crystal_Clear_Fruits_90gr_Permen_isi_20_Pcs_240x240.png,7300,,5,1000,90
Haribo Goldbears Gummy Bear Candy 80gr/Permen,https://storage.googleapis.com/indo-astro/Haribo_Goldbears_Gummy_Bear_Candy_Permen_80gr_240x240.png,16000,,1,192,100
Haribo Happy Cola Gummy Bear Candy 80gr/Permen,https://storage.googleapis.com/indo-astro/Haribo_Happy_Cola_Gummy_Bear_Candy_Permen_80gr_240x240.png,16000,,4,192,100
Kopiko Coffee Candy 150gr isi 50 Pcs/Permen,https://storage.googleapis.com/indo-astro/Kopiko_Coffee_Candy_150gr_isi_50pcs_Permen_240x240.png,8000,,5,294,160
Mint Z Chewy Doublemint Candy 115gr isi 50 Pcs/Permen,https://storage.googleapis.com/indo-astro/Mint_Z_Chewy_Doublemint_Candy_115gr_isi_50pc_Permen_240x240.png,7900,,3,840,115
Mint Z Chewy Peppermint Candy 115gr isi 50 Pcs/Permen,https://storage.googleapis.com/indo-astro/Mint_Z_Chewy_Peppermint_Candy_115gr_isi_50pc_Permen_240x240.png,7900,,6,840,115
Ricola Can Blackcurrant 100gr/Permen,https://storage.googleapis.com/indo-astro/Ricola_Can_Blackcurrant_100gr_Permen_1658809250818_PRODUCT_240x240.png,31600,25000,4,162,100
Ricola Can Lemon Mint 100gr/Permen,https://storage.googleapis.com/indo-astro/Ricola_Can_Lemon_Mint_100gr_Permen_1658808403655_PRODUCT_240x240.png,31600,25000,6,162,100
Ricola Can Original Herbs 100gr/Permen,https://storage.googleapis.com/indo-astro/Ricola_Can_Original_Herbs_100gr_Permen_1658809272203_PRODUCT_240x240.png,31600,25000,3,162,100
Yupi Gummy Baby Bears 45gr/Permen,https://storage.googleapis.com/indo-astro/Yupi_Gummy_Baby_Bears_Permen_45gr_240x240.png,4900,,6,351,45
Yupi Gummy Neon Stix 45gr/Permen,https://storage.googleapis.com/indo-astro/Yupi_Gummy_Neon_Stix_Permen_45gr_240x240.png,4900,,5,351,45
Yupi Gummy Strawberry Kiss 45gr/Permen,https://storage.googleapis.com/indo-astro/Yupi_Gummy_Strawberry_Kiss_Permen_45gr_240x240.png,4900,,5,351,45
Yupi Gummy Strawberry Kiss isi 50 Pcs 110gr/Permen,https://storage.googleapis.com/indo-astro/Yupi_Gummy_Strawberry_Kiss_Permen_isi_50pc_110gr_240x240.png,11900,,4,561,110
Mint Z Chewy Grapemint 115gr,https://storage.googleapis.com/indo-astro/Mint_Z_Chewy_Grapemint_115gr_1652434802677_PRODUCT_240x240.png,6500,,1,1000,115
Mint Z Chewy Barleymint 115gr,https://storage.googleapis.com/indo-astro/Mint_Z_Chewy_Barleymint_115gr_1655460677939_PRODUCT_240x240.png,6500,,2,1000,115
Chomp Chomp Marshmallow Plain 60gr,https://storage.googleapis.com/indo-astro/Chomp_Chomp_Marshmallow_Plain_60gr_1649837594616_PRODUCT_240x240.png,10300,,1,1000,60
Fisherman's friend Choco Mentho Mint 25gr,https://storage.googleapis.com/indo-astro/Fisherman's_friend_Choco_Mentho_Mint_25gr_1649754270346_PRODUCT_240x240.png,18500,,1,1000,25
Ricola Glacier Mint 40gr,https://storage.googleapis.com/indo-astro/Ricola_Glacier_Mint_40gr_PRODUCT_240x240.png,16200,13700,6,1000,40
Ricola Lemon Mint 40gr,https://storage.googleapis.com/indo-astro/Ricola_Lemon_Mint_40gr_PRODUCT_240x240.png,16200,,5,1000,40
Ricola Original Herb 40gr,https://storage.googleapis.com/indo-astro/Ricola_Original_Herb_40gr_PRODUCT_240x240.png,16200,,10,1000,40
Ricola Blackcurrant Pearls 25gr,https://storage.googleapis.com/indo-astro/Ricola_Blackcurrant_Pearls_25gr_PRODUCT_240x240.png,13800,11700,3,1000,25
Ricola Strawberry Pearls 25gr,https://storage.googleapis.com/indo-astro/Ricola_Strawberry_Pearls_25gr_PRODUCT_240x240.png,13800,11700,3,1000,25
Ricola Spearmint Pearls 25gr,https://storage.googleapis.com/indo-astro/Ricola_Spearmint_Pearls_25gr_PRODUCT_240x240.png,13800,11700,3,1000,25
Fox's Crystal Clear Berries Kaleng 180gr,https://storage.googleapis.com/indo-astro/Fox's_Crystal_Clear_Berries_Kaleng_180gr_PRODUCT_1645524438642_240x240.png,22300,,16,1000,180
Mentos Fruit Chewy Roll Candy 37gr/Permen,https://storage.googleapis.com/indo-astro/Mentos_Fruit_Chewy_Roll_Candy_37gr_240x240.png,3600,,1,1000,37
MD Candy Chen Pi Ying Zi Seedless Conserved Plum 454gr/Permen,https://storage.googleapis.com/indo-astro/MD_Candy_Chen_Pi_Ying_Zi_Seedless_Conserved_Plum_454gr_240x240.png,65700,,2,1000,454
MD Candy Chen Pi Mei Conserved Plum 454gr/Permen,https://storage.googleapis.com/indo-astro/MD_Candy_Chen_Pi_Mei_Conserved_Plum_454gr_240x240.png,65700,,2,1000,454
Alpenliebe Lollipop Strawberry Candy 6gr,https://storage.googleapis.com/indo-astro/Alpenliebe_Lollipop_Strawberry_Candy_6gr_240x240.png,1600,,5,1000,6
Mentos Anggur Chewy Roll Candy 37gr/Permen,https://storage.googleapis.com/indo-astro/Mentos_Anggur_Chewy_Roll_Candy_37gr_Permen_PRODUCT_1644891107154_240x240.png,3600,,6,1000,37
Relaxa Barley Mint Candy 50 pcs 125gr,https://storage.googleapis.com/indo-astro/Relaxa_Barley_Mint_Candy_50s_125g_240x240.png,7400,,9,1000,125
Relaxa Grape Mint Candy 50 pcs 125gr,https://storage.googleapis.com/indo-astro/Relaxa_Grape_Mint_Candy_50s_125g_240x240.png,7300,,4,1000,125
Permen Kis Barley isi 50 pcs 125gr/Candy,https://storage.googleapis.com/indo-astro/Permen_Kis_Barley_isi_50pc_125gr_Candy_240x240.png,6600,,46,1000,125
Permen Kis Cherry isi 50 pcs 125gr/Candy,https://storage.googleapis.com/indo-astro/Permen_Kis_Cherry_isi_50pc_125gr_Candy_240x240.png,6600,,3,1000,125
Naraya Gold Coin Chocolate Cokelat Bag 200gr,https://storage.googleapis.com/indo-astro/Naraya_Gold_Coin_Chocolate_Cokelat_Bag_200gr_240x240.png,40300,,4,1000,200
Lotte Permen Karet  Xylitol Blueberry Mint 58gr,https://storage.googleapis.com/indo-astro/Lotte_Permen_Karet__Xylitol_Blueberry_Mint_58gr_240x240.png,17700,,4,1000,58
Strepsils Cool 1 Sachet isi 8 tablet/Permen,https://storage.googleapis.com/indo-astro/Strepsils_Cool_Permen_1_sachet_isi_8_20.8gr_240x240.png,14100,,0,77,20
Strepsils Original 1 Sachet isi 8 tablet/Permen,https://storage.googleapis.com/indo-astro/Strepsils_Original_Permen_1_sachet_isi_8_240x240.png,16200,,0,70,200
Fox's Crystal Clear Berries 90gr isi 20 Pcs/Permen,https://storage.googleapis.com/indo-astro/Fox's_Crystal_Clear_Berries_90gr_Permen_isi_20_Pcs_240x240.png,7200,,0,1000,90
Yupi Gummy Lunch isi 32 Pcs 95gr/Permen,https://storage.googleapis.com/indo-astro/Yupi_Gummy_Lunch_Permen_isi_32pc_95gr_240x240.png,11900,,0,561,95
Lotte Xylitol Lime Mint Limited Edition BTS 58gr,https://storage.googleapis.com/indo-astro/Lotte_Xylitol_Lime_Mint_Limited_Edition_BTS_58gr_1652866259983_PRODUCT_240x240.png,18800,,0,1000,58
Mentos Rainbow Roll Candy 37gr/Permen,https://storage.googleapis.com/indo-astro/Mentos_Rainbow_Roll_Candy_37gr_240x240.png,3600,,0,1000,37
Mentos Mint Chewy Roll Candy 37gr/Permen,https://storage.googleapis.com/indo-astro/Mentos_Mint_Chewy_Roll_Candy_37gr_240x240.png,3600,,0,1000,37
Lotte Permen Karet Xylitol Lime Mint 58gr,https://storage.googleapis.com/indo-astro/Lotte_Permen_Karet_Xylitol_Lime_Mint_58gr_240x240.png,17500,,0,1000,58
Yogood Blueberry Cranberry Bar 23gr,https://storage.googleapis.com/indo-astro/Yogood_Blueberry_Cranberry_Bar_23gr_PRODUCT_240x240.png,13900,,26,1000,25
Lemonilo Brownies Crispy Choco Chips 40gr,https://storage.googleapis.com/indo-astro/Choco_Chips_Lemonilo_Brownies_Crispy_-_40gr_240x240.png,11500,,4,1792,40
Granova Bar Nuts & Chocolate 38gr,https://storage.googleapis.com/indo-astro/Granova_Bar_-_Nuts_&_Chocolate_38gr_240x240.png,14200,,2,85,38
Melts Dark Chocolate Cookies 120gr,https://storage.googleapis.com/indo-astro/Melts_Dark_Chocolate_Cookies_120gr_240x240.png,35400,,3,2156,140
Bionic Farm Sweetatoes Keripik Ubi Madu 50gr,https://storage.googleapis.com/indo-astro/Bionic_Farm_Sweetatoes_Keripik_Ubi_Madu_50gr_240x240.png,9600,,4,1472,70
HB Tummy Berries Yogurt Bar 25gr,https://storage.googleapis.com/indo-astro/HB_Tummy_Berries_Yogurt_Bar_25gr_240x240.png,7000,,5,1000,25
Strive Energy Bar Peanut Butter 40gr,https://storage.googleapis.com/indo-astro/Strive_Energy_Bar_Peanut_Butter_40gr_1659411040169_PRODUCT_240x240.png,21300,,5,1000,40
Chocolate Vanilla East Bali Cashews Granola Bites 125gr,https://storage.googleapis.com/indo-astro/Chocolate_Vanilla_East_Bali_Cashews_Granola_Bites_125gr_240x240.png,28800,,2,3240,125
Chocolate Banana East Bali Cashews Granola Bites 125gr,https://storage.googleapis.com/indo-astro/Chocolate_Banana_East_Bali_Cashews_Granola_Bites_125gr_240x240.png,28800,,4,3240,200
Fitbar Chocolate Multigrain 5 Pcs 22gr,https://storage.googleapis.com/indo-astro/Chocolate_5x22gr_Fitbar_Multigrain_240x240.png,22400,,12,900,130
Naraya Oat Choco Chocolate 90gr,https://storage.googleapis.com/indo-astro/Naraya_Oat_Choco_Chocolate_90gr_240x240.png,14100,,1,2070,90
Naraya Oat Choco Original 100gr,https://storage.googleapis.com/indo-astro/Naraya_Oat_Choco_Original_100gr_240x240.png,14100,,3,2208,100
Whole Chips Purple Ube 90gr/Keripik,https://storage.googleapis.com/indo-astro/Whole_Chips_Keripik_Purple_Ube_90gr_240x240.png,24800,,1,2070,90
Whole Chips Yellow Ube 90gr/Keripik,https://storage.googleapis.com/indo-astro/Whole_Chips_Keripik_Yellow_Ube_90gr_240x240.png,24800,,4,2070,90
Oh Ma Grain! - Sweet Cheese Popped Rice Crackers 50gr,https://storage.googleapis.com/indo-astro/Oh_Ma_Grain!_-_Sweet_Cheese_Popped_Rice_Crackers_50gr_1657085254348_PRODUCT_240x240.png,19200,,4,384,50
Oh Ma Grain! - Salted Caramel Popped Rice Crackers 50gr,https://storage.googleapis.com/indo-astro/Oh_Ma_Grain!_-_Salted_Caramel_Popped_Rice_Crackers_50gr_1657085290810_PRODUCT_240x240.png,19200,,2,384,50
Granova Homemade Granola Banana Nut 270gr,https://storage.googleapis.com/indo-astro/Granova_Homemade_Granola_Banana_Nut_270gr_1656565928207_PRODUCT_240x240.png,59500,,3,600,270
Granova Bar - Peanut Butter & Berry 26gr,https://storage.googleapis.com/indo-astro/Granova_Bar_-_Peanut_Butter_&_Berry_26gr_1657078789575_PRODUCT_240x240.png,8000,,1,255,26
Granova Bar - Nuts & Seeds 26gr,https://storage.googleapis.com/indo-astro/Granova_Bar_-_Nuts_&_Seeds_26gr_1657078689040_PRODUCT_240x240.png,8000,,4,255,26
Granova Bar - Nuts & Chocolate 26gr,https://storage.googleapis.com/indo-astro/Granova_Bar_-_Nuts_&_Chocolate_26gr_1657078757492_PRODUCT_240x240.png,8000,,6,1105,26
Oh Ma Grain! - Popped Rice Crackers Seaweed 50gr,https://storage.googleapis.com/indo-astro/Oh_Ma_Grain!_-_Popped_Rice_Crackers_Seaweed_50gr_1657085319562_PRODUCT_240x240.png,14900,,3,2688,50
Oh Ma Grain! - Popped Rice Crackers Sea Salt 35gr,https://storage.googleapis.com/indo-astro/Oh_Ma_Grain!_-_Popped_Rice_Crackers_Sea_Salt_35gr_1657085347511_PRODUCT_240x240.png,14900,,5,2688,35
Naraya Oat Cookies Butter Ring 150gr,https://storage.googleapis.com/indo-astro/Naraya_Oat_Cookies_Butter_Ring_150gr_1649320240007_PRODUCT_240x240.png,21500,,4,1000,150
Naraya Oat Cookies Chocolate Chip 150gr,https://storage.googleapis.com/indo-astro/Naraya_Oat_Cookies_Chocolate_Chip_150gr_1649320153773_PRODUCT_240x240.png,21500,,8,1000,150
Greenara Dried Apricot 100gr,https://storage.googleapis.com/indo-astro/Greenara_Dried_Apricot_100gr_1649235463243_PRODUCT_240x240.png,22000,,5,1000,100
Francis Organic Pistachio Original 100gr,https://storage.googleapis.com/indo-astro/Francis_Organic_Pistachio_Original_100gr_1649225165424_PRODUCT_240x240.png,52000,41600,8,1000,100
Francis Organic Dried Raisins 85gr,https://storage.googleapis.com/indo-astro/Francis_Organic_Dried_Raisins_85gr_1649224981561_PRODUCT_240x240.png,24500,19600,2,1000,85
Francis Organic Mixed Berries 85gr,https://storage.googleapis.com/indo-astro/Francis_Organic_Mixed_Berries_85gr_1649224836572_PRODUCT_240x240.png,44500,,1,1000,85
Barefood KONA Dark Chocolate & Vanilla Coconut Chips 45gr,https://storage.googleapis.com/indo-astro/Barefood_KONA_Dark_Chocolate_&_Vanilla_Coconut_Chips_45gr_PRODUCT_240x240.png,15200,,5,1000,45
Barefood KONA Sweet Pandan Coconut Chips 45gr,https://storage.googleapis.com/indo-astro/Barefood_KONA_Sweet_Pandan_Coconut_Chips_45gr_PRODUCT_240x240.png,15200,,5,1000,45
Barefood KONA Original Coconut Chips 45gr,https://storage.googleapis.com/indo-astro/Barefood_KONA_Original_Coconut_Chips_45gr_PRODUCT_240x240.png,15200,,10,1000,45
Yogood Choc & Nut Bar 23gr,https://storage.googleapis.com/indo-astro/Yogood_Choc_&_Nut_Bar_23gr_PRODUCT_240x240.png,13200,,12,1000,23
Yogood Strawberry Bar 23gr,https://storage.googleapis.com/indo-astro/Yogood_Strawberry_Bar_23gr_PRODUCT_240x240.png,13200,,5,1000,25
Strive Energy Bar Choco 40gr,https://storage.googleapis.com/indo-astro/Strive_Energy_Bar_Choco_40gr_1659411012324_PRODUCT_240x240.png,21300,,4,1000,40
Strive Energy Bar Salted Caramel 40gr,https://storage.googleapis.com/indo-astro/Strive_Energy_Bar_Salted_Caramel_40gr_1659411068600_PRODUCT_240x240.png,21300,,6,1000,40
HB Tummy Lime Yogurt Bar 25gr,https://storage.googleapis.com/indo-astro/HB_Tummy_Lime_Yogurt_Bar_25gr_240x240.png,9200,,13,1000,25
TaoKaeNoi Crispy Seaweed Original 32gr/Rumput Laut,https://storage.googleapis.com/indo-astro/TaoKaeNoi_Crispy_Seaweed_Original_32gr_Rumput_Laut_240x240.png,26200,,10,240,32
TaoKaeNoi Crispy Seaweed Original 15gr/Rumput Laut,https://storage.googleapis.com/indo-astro/TaoKaeNoi_Crispy_Seaweed_Original_15gr_Rumput_Laut_240x240.png,16500,,1,240,15
Fitbar Fruits Multigrain 5 Pcs 22gr,https://storage.googleapis.com/indo-astro/Fruits_5x22gr_Fitbar_Multigrain_240x240.png,24200,,0,900,130
Granova Granola Banana Walnut 100gr,https://storage.googleapis.com/indo-astro/Granova_Granola_Banana_Walnut_100gr_240x240.png,25000,,0,816,100
Ladang Lima Blackmond Cookies 180gr,https://storage.googleapis.com/indo-astro/Ladang_Lima_Blackmond_Cookies_180gr_PRODUCT_1646715741629_240x240.png,28000,,0,2700,180
Lemonilo Brownies Crispy Cheese 40gr,https://storage.googleapis.com/indo-astro/Cheese_Lemonilo_Brownies_Crispy_-_40gr_240x240.png,12000,,0,1792,50
Whole Chips Rempah Cassava 90gr/Keripik,https://storage.googleapis.com/indo-astro/Whole_Chips_Keripik_Rempah_Cassava_90gr_240x240.png,24800,,0,2070,90
Ladang Lima - Blackthins Cookies 100gr,https://storage.googleapis.com/indo-astro/Ladang_Lima_-_Blackthins_Cookies_100gr_PRODUCT_1646715730289_240x240.png,26300,,0,1000,100
Tropicana Slim Hokkaido Cheese Cookies 100gr,https://storage.googleapis.com/indo-astro/Tropicana_Slim_Hokkaido_Cheese_Cookies_100gr_1655356944164_PRODUCT_240x240.png,28100,,0,1000,100
Soyjoy Danish Cheese 28gr,https://storage.googleapis.com/indo-astro/Soyjoy_Danish_Cheese_30gr_PRODUCT_1645426417894_240x240.png,10700,,0,1000,28
Soyjoy Crispy With Macadamia 25gr,https://storage.googleapis.com/indo-astro/Soyjoy_Crispy_With_Macadamia_25gr_PRODUCT_1645426426020_240x240.png,10700,,0,1000,25
Soyjoy Almond Chocolate 30gr,https://storage.googleapis.com/indo-astro/Soyjoy_Almond_Chocolate_30gr_PRODUCT_1645426434353_240x240.png,10700,,0,1000,30
JollyTime Popcorn Blast O Butter 100gr,https://storage.googleapis.com/indo-astro/JollyTime_Popcorn_Blast_O_Butter_100gr_Jolly_Time_240x240.png,27500,,6,220,100
JollyTime Popcorn The Big Cheez 100gr,https://storage.googleapis.com/indo-astro/JollyTime_Popcorn_The_Big_Cheez_100gr_Jolly_Time_240x240.png,27500,,6,220,100
JollyTime Popcorn FunMania 100gr,https://storage.googleapis.com/indo-astro/JollyTime_Popcorn_FunMania_100gr_Jolly_Time_240x240.png,27500,,17,220,100
JollyTime Popcorn Mallow Magic 125gr,https://storage.googleapis.com/indo-astro/JollyTime_Popcorn_Mallow_Magic_125gr_Jolly_Time_240x240.png,37900,,7,220,125
Oishi Caramel Popcorn 100gr,https://storage.googleapis.com/indo-astro/Oishi_Caramel_Popcorn_100gr_240x240.png,14000,,5,2496,100
Mr P Original Garlic Peanuts 80gr/Kacang,https://storage.googleapis.com/indo-astro/Mr_P_Original_Garlic_Peanuts_80gr_Kacang_240x240.png,15800,,1,800,100
Oven Roasted Kacang Mede Jumbo 500gr,https://storage.googleapis.com/indo-astro/Oven_Roasted_Kacang_Mede_Jumbo_-_500gr_240x240.png,90100,,13,672,500
Oven Roasted Walnuts 500gr,https://storage.googleapis.com/indo-astro/Oven_Roasted_Walnuts_-_500gr_240x240.png,117200,,14,756,500
Greenara Raw Almond 500gr,https://storage.googleapis.com/indo-astro/Greenara_Raw_Almond_500gr_1650519671488_PRODUCT_240x240.png,82400,,6,432,500
Roasted Pumpkin Seed 200gr,https://storage.googleapis.com/indo-astro/Roasted_Pumpkin_Seed_-_200gr_240x240.png,50900,,1,440,210
White Sesame Seeds 200gr,https://storage.googleapis.com/indo-astro/White_Sesame_Seeds_-_200gr_240x240.png,61500,,5,440,215
Garuda Kacang Telur 110gr,https://storage.googleapis.com/indo-astro/Garuda_Kacang_Telur_110gr_1660032446004_PRODUCT_240x240.png,9900,,2,350,110
Greenara White Sesame Seeds 250gr,https://storage.googleapis.com/indo-astro/Greenara_White_Sesame_Seeds_250gr_1649402904613_PRODUCT_240x240.png,23000,,3,1000,250
Greenara Kacang Tanah Kupas Mentah 500gr,https://storage.googleapis.com/indo-astro/Greenara_Kacang_Tanah_Kupas_Mentah_500gr_1654155306035_PRODUCT_240x240.png,23900,,3,1000,500
Francis Organic Dried Cranberries 85gr,https://storage.googleapis.com/indo-astro/Francis_Organic_Dried_Cranberries_85gr_1649387232608_PRODUCT_240x240.png,30000,,17,1000,85
Francis Organic Roasted Pumpkin Seeds 85gr,https://storage.googleapis.com/indo-astro/Francis_Organic_Roasted_Pumpkin_Seeds_85gr_1660040242092_PRODUCT_240x240.png,24900,,9,1000,85
Murgerbon Honey Butter Almond 30gr,https://storage.googleapis.com/indo-astro/Murgerbon_Honey_Butter_Almond_30gr_1649129045352_PRODUCT_240x240.png,27000,,5,1000,30
Chacha Kuaci 100gr,https://storage.googleapis.com/indo-astro/Chacha_Kuaci_100gr_1649317453169_PRODUCT_240x240.png,13200,,5,1000,100
Garuda Pilus Mi Goreng 80+16gr,https://storage.googleapis.com/indo-astro/Garuda_Pilus_Mi_Goreng_80+16gr_1649235081271_PRODUCT_240x240.png,5900,,6,1000,96
Garuda Pilus Premium Pedas 80+16gr,https://storage.googleapis.com/indo-astro/Garuda_Pilus_Premium_Pedas_80+16gr_1649235060110_PRODUCT_240x240.png,5900,,4,1000,96
Francis Organic Roasted Sunflower Seeds 100gr,https://storage.googleapis.com/indo-astro/Francis_Organic_Roasted_Sunflower_Seeds_100gr_PRODUCT_240x240.png,20000,,5,1000,100
Francis Organic Roasted Sliced Almonds 85gr,https://storage.googleapis.com/indo-astro/Francis_Organic_Roasted_Sliced_Almonds_85gr_1654593652553_PRODUCT_240x240.png,35400,,7,1000,85
Francis Organic Roasted Almonds 100gr,https://storage.googleapis.com/indo-astro/Francis_Organic_Roasted_Almonds_100gr_PRODUCT_1643343352922_240x240.png,43400,,2,1000,100
Rebo Kuaci Original Flavor 150gr,https://storage.googleapis.com/indo-astro/Rebo_Kuaci_Original_Flavor_150gr_240x240.png,15200,,7,1000,150
Rebo Kuaci Milk Flavor 150gr,https://storage.googleapis.com/indo-astro/Rebo_Kuaci_Milk_Flavor_150gr_240x240.png,15200,,5,1000,150
Rebo Kuaci Greentea Flavor 150gr,https://storage.googleapis.com/indo-astro/Rebo_Kuaci_Greentea_Flavor_150gr_240x240.png,15200,,4,1000,150
Mr P Original Garlic Peanuts 80gr/Kacang,https://storage.googleapis.com/indo-astro/Mr_P_Original_Garlic_Peanuts_80gr_Kacang_240x240.png,15800,,1,800,100
Oven Roasted Kacang Mede Jumbo 500gr,https://storage.googleapis.com/indo-astro/Oven_Roasted_Kacang_Mede_Jumbo_-_500gr_240x240.png,90100,,13,672,500
Oven Roasted Walnuts 500gr,https://storage.googleapis.com/indo-astro/Oven_Roasted_Walnuts_-_500gr_240x240.png,117200,,14,756,500
Greenara Raw Almond 500gr,https://storage.googleapis.com/indo-astro/Greenara_Raw_Almond_500gr_1650519671488_PRODUCT_240x240.png,82400,,6,432,500
Roasted Pumpkin Seed 200gr,https://storage.googleapis.com/indo-astro/Roasted_Pumpkin_Seed_-_200gr_240x240.png,50900,,1,440,210
White Sesame Seeds 200gr,https://storage.googleapis.com/indo-astro/White_Sesame_Seeds_-_200gr_240x240.png,61500,,5,440,215
Garuda Kacang Telur 110gr,https://storage.googleapis.com/indo-astro/Garuda_Kacang_Telur_110gr_1660032446004_PRODUCT_240x240.png,9900,,2,350,110
Greenara White Sesame Seeds 250gr,https://storage.googleapis.com/indo-astro/Greenara_White_Sesame_Seeds_250gr_1649402904613_PRODUCT_240x240.png,23000,,3,1000,250
Greenara Kacang Tanah Kupas Mentah 500gr,https://storage.googleapis.com/indo-astro/Greenara_Kacang_Tanah_Kupas_Mentah_500gr_1654155306035_PRODUCT_240x240.png,23900,,3,1000,500
Francis Organic Dried Cranberries 85gr,https://storage.googleapis.com/indo-astro/Francis_Organic_Dried_Cranberries_85gr_1649387232608_PRODUCT_240x240.png,30000,,17,1000,85
Francis Organic Roasted Pumpkin Seeds 85gr,https://storage.googleapis.com/indo-astro/Francis_Organic_Roasted_Pumpkin_Seeds_85gr_1660040242092_PRODUCT_240x240.png,24900,,9,1000,85
Murgerbon Honey Butter Almond 30gr,https://storage.googleapis.com/indo-astro/Murgerbon_Honey_Butter_Almond_30gr_1649129045352_PRODUCT_240x240.png,27000,,5,1000,30
Chacha Kuaci 100gr,https://storage.googleapis.com/indo-astro/Chacha_Kuaci_100gr_1649317453169_PRODUCT_240x240.png,13200,,5,1000,100
Garuda Pilus Mi Goreng 80+16gr,https://storage.googleapis.com/indo-astro/Garuda_Pilus_Mi_Goreng_80+16gr_1649235081271_PRODUCT_240x240.png,5900,,6,1000,96
Garuda Pilus Premium Pedas 80+16gr,https://storage.googleapis.com/indo-astro/Garuda_Pilus_Premium_Pedas_80+16gr_1649235060110_PRODUCT_240x240.png,5900,,4,1000,96
Francis Organic Roasted Sunflower Seeds 100gr,https://storage.googleapis.com/indo-astro/Francis_Organic_Roasted_Sunflower_Seeds_100gr_PRODUCT_240x240.png,20000,,5,1000,100
Francis Organic Roasted Sliced Almonds 85gr,https://storage.googleapis.com/indo-astro/Francis_Organic_Roasted_Sliced_Almonds_85gr_1654593652553_PRODUCT_240x240.png,35400,,7,1000,85
Francis Organic Roasted Almonds 100gr,https://storage.googleapis.com/indo-astro/Francis_Organic_Roasted_Almonds_100gr_PRODUCT_1643343352922_240x240.png,43400,,2,1000,100
Rebo Kuaci Original Flavor 150gr,https://storage.googleapis.com/indo-astro/Rebo_Kuaci_Original_Flavor_150gr_240x240.png,15200,,7,1000,150
Rebo Kuaci Milk Flavor 150gr,https://storage.googleapis.com/indo-astro/Rebo_Kuaci_Milk_Flavor_150gr_240x240.png,15200,,5,1000,150
Rebo Kuaci Greentea Flavor 150gr,https://storage.googleapis.com/indo-astro/Rebo_Kuaci_Greentea_Flavor_150gr_240x240.png,15200,,4,1000,150
Rebo Kuaci Caramel Flavor 150gr,https://storage.googleapis.com/indo-astro/Rebo_Kuaci_Caramel_Flavor_150gr_240x240.png,15200,,11,1000,150
Dua Kelinci Kacang Shanghai Original 220gr,https://storage.googleapis.com/indo-astro/Dua_Kelinci_Kacang_Shanghai_Original_220gr_240x240.png,18600,,3,702,220
Dua Kelinci Garlic Nut 75gr/Kacang,https://storage.googleapis.com/indo-astro/Dua_Kelinci_Garlic_Nut_75gr_Kacang_240x240.png,9400,,0,532,100
Dua Kelinci Sukro ORI 70gr/Kacang,https://storage.googleapis.com/indo-astro/Dua_Kelinci_Sukro_ORI_70gr_Kacang_240x240.png,5400,,0,532,100
Orihiro Grape Konyaku Jelly isi 6pcs,https://storage.googleapis.com/indo-astro/Orihiro_Grape_Konyaku_Jelly_isi_6pcs_1656510392929_PRODUCT_240x240.png,33500,,1,600,120
Inaco Mini Jelly isi 5pcs,https://storage.googleapis.com/indo-astro/Inaco_Mini_Jelly_isi_5pcs_1652849275827_PRODUCT_240x240.png,3000,,1,1000,75
Inaco Mini Jelly isi 25pcs,https://storage.googleapis.com/indo-astro/Inaco_Mini_Jelly_isi_25pcs_1652849432217_PRODUCT_240x240.png,12800,,0,1000,375
All Coco - Juicy Pudding Original 145gr,https://storage.googleapis.com/indo-astro/All_Coco_-_Juicy_Pudding_Original_145gr_PRODUCT_1645433913452_240x240.png,26300,,0,1000,145
Keripik Singkong Balado Padang Christine Hakim 500gr,https://storage.googleapis.com/indo-astro/Keripik_Singkong_Balado_Padang_Christine_Hakim_-_500gr_240x240.png,50800,,3,2838,575
Kartika Toast Bagelen Cheese 195gr,https://storage.googleapis.com/indo-astro/Kartika_Toast_Bagelen_Cheese_195gr_240x240.png,53500,,6,1000,195
Kata Oma Gula Aren Telur Gabus 63gr,https://storage.googleapis.com/indo-astro/Kata_Oma_Gula_Aren_Telur_Gabus_63gr_PRODUCT_1645200067641_240x240.png,12400,,9,1638,65
Kata Oma Telor Asin Telur Gabus 63gr,https://storage.googleapis.com/indo-astro/Kata_Oma_Telor_Asin_Telur_Gabus_-_63gr_240x240.png,17500,,5,1144,65
Marpy Martabak Crispy Rasa Vanilla 75gr,https://storage.googleapis.com/indo-astro/Marpy_Martabak_Crispy_Rasa_Vanilla_75gr_240x240.png,17800,,3,1000,75
Granova Homemade Granola Chocolate Cranberry 100gr,https://storage.googleapis.com/indo-astro/Granova_Homemade_Granola_Chocolate_Cranberry_100gr_1656565872303_PRODUCT_240x240.png,22500,,5,600,100
Granova Homemade Granola Banana Nut 100gr,https://storage.googleapis.com/indo-astro/Granova_Homemade_Granola_Banana_Nut_100gr_1656565889098_PRODUCT_240x240.png,22500,,3,600,100
Granova Homemade Granola Chocolate Cranberry 270gr,https://storage.googleapis.com/indo-astro/Granova_Homemade_Granola_Chocolate_Cranberry_270gr_1656565912112_PRODUCT_240x240.png,59500,,3,600,270
Makaroni Ngehe Keju Pedas Lvl 5 230gr Toples - Kering,https://storage.googleapis.com/indo-astro/Makaroni_Ngehe_Keju_Pedas_Lvl_5_230gr_Toples_-_Kering_PRODUCT_1645352071607_240x240.png,28300,,5,1000,100
Makaroni Ngehe Balado Pedas Lvl 5 230gr Toples - Kering ,https://storage.googleapis.com/indo-astro/Makaroni_Ngehe_Balado_Pedas_Lvl_5_230gr_Toples_-_Kering__PRODUCT_1645352095195_240x240.png,28300,,9,1000,100
Makaroni Ngehe Asin Pedas Lvl 5 230gr Toples - Kering,https://storage.googleapis.com/indo-astro/Makaroni_Ngehe_Asin_Pedas_Lvl_5_230gr_Toples_-_Kering__PRODUCT_1645352101603_240x240.png,28300,,3,1000,100
Kartika Toast Soes Cream Cheese 100gr,https://storage.googleapis.com/indo-astro/Kartika_Toast_Soes_Cream_Cheese_100gr_1652242550286_PRODUCT_240x240.png,20200,,5,1000,100
Kartika Toast Bagelen Butter 180gr,https://storage.googleapis.com/indo-astro/Kartika_Toast_Bagelen_Butter_180gr_240x240.png,43600,,3,1000,180
Kartika Toast Almond Bites 43gr,https://storage.googleapis.com/indo-astro/Kartika_Toast_Almond_Bites_43gr_1655799939034_PRODUCT_240x240.png,15200,,3,1000,43
Kata Oma Keju Telur Gabus 63gr,https://storage.googleapis.com/indo-astro/Kata_Oma_Keju_Telur_Gabus_-_63gr_240x240.png,12400,,0,1638,65
Kacang Kapri Tari Bali 300gr,https://storage.googleapis.com/indo-astro/Kacang_Kapri_Tari_Bali_-_250gr_240x240.png,28300,,0,1638,315
Loves Semprong Choco Cheese 240gr,https://storage.googleapis.com/indo-astro/Loves_Semprong_Choco_Cheese_240gr_1649297831546_PRODUCT_240x240.png,48000,,0,1000,240
Tem.peh Keripik Tempe Original 250gr,https://storage.googleapis.com/indo-astro/Tem.peh_Keripik_Tempe_Original_250gr_PRODUCT_1645166564576_240x240.png,40000,,0,3630,250