product_name,product_url_image,product_price,product_discount_price,product_stock,product_volume,product_weight
MYTEA +450ml,https://storage.googleapis.com/indo-astro/MYTEA_Plus_Oolong_450ml_PRODUCT_1646269168294_240x240.png,6400,,2,1000,450
Kopi Kenangan Avocuddle Hanya Untukmu 220ml,https://storage.googleapis.com/indo-astro/Kopi_Kenagan_Avocuddle_Hanya_Untukmu_220ml_PRODUCT_1645769256001_240x240.png,9600,,4,1000,220
Kopi Kenangan Black Aren Hanya Untukmu 220ml,https://storage.googleapis.com/indo-astro/Kopi_Kenangan_Black_Aren_Hanya_Untukmu_220ml_PRODUCT_1645769320897_240x240.png,9600,,1,1000,220
Kopi Kenangan Mantancino Hanya Untukmu 220ml,https://storage.googleapis.com/indo-astro/Kopi_Kenangan_Mantancino_Hanya_Untukmu_220ml_PRODUCT_1645769270145_240x240.png,9600,,5,1000,220
Pocari Sweat 2L,https://storage.googleapis.com/indo-astro/Pocari_Sweat_2L_PRODUCT_1645695317442_240x240.png,22300,,3,1000,2000
Diamond Jungle Juice Apple 1L,https://storage.googleapis.com/indo-astro/Diamond_Jungle_Juice_Apple_1L_PRODUCT_1645763849690_240x240.png,29300,,7,1000,1000
Diamond Jungle Juice Guava 1L,https://storage.googleapis.com/indo-astro/Diamond_Jungle_Juice_Guava_1L_PRODUCT_1645763594079_240x240.png,29300,,3,1000,100
Diamond Jungle Juice Orange 1L,https://storage.googleapis.com/indo-astro/Diamond_Jungle_Juice_Orange_1L_PRODUCT_1645763276384_240x240.png,29300,,10,1000,1000
Diamond Jungle Juice Apple 200ml,https://storage.googleapis.com/indo-astro/Diamond_Jungle_Juice_Apple_200ml_PRODUCT_1645765087816_240x240.png,7600,,3,1000,200
Diamond Jungle Juice Guava 200ml,https://storage.googleapis.com/indo-astro/Diamond_Jungle_Juice_Guava_200ml_PRODUCT_1645764781129_240x240.png,7600,,7,1000,200
Diamond Jungle Juice Orange 200ml,https://storage.googleapis.com/indo-astro/Diamond_Jungle_Juice_Orange_200ml_PRODUCT_1645764560732_240x240.png,7600,,6,1000,200
Sosro Fruit Tea Strawberry PET 500ml,https://storage.googleapis.com/indo-astro/Sosro_Fruit_Tea_Strawberry_PET_500ml_PRODUCT_1645762318379_240x240.png,6800,,4,1000,500
Sosro Fruit Tea Freeze PET 500ml,https://storage.googleapis.com/indo-astro/Sosro_Fruit_Tea_Freeze_PET_500ml_PRODUCT_1645762041898_240x240.png,6800,,3,1000,500
Sosro Fruit Tea Blackcurrant PET 500ml,https://storage.googleapis.com/indo-astro/Sosro_Fruit_Tea_Blackcurrant_PET_500ml_PRODUCT_1645761820791_240x240.png,6800,,3,1000,500
Sosro Fruit Tea Apel PET 500ml,https://storage.googleapis.com/indo-astro/Sosro_Fruit_Tea_Apel_PET_500ml_PRODUCT_1645761183512_240x240.png,6800,,4,1000,500
Teh Botol Sosro Kotak 1L,https://storage.googleapis.com/indo-astro/Sosro_Teh_Botol_Kotak_1L_PRODUCT_1645760754770_240x240.png,10100,,27,1000,1000
All Coco - Coconut Snowflake 150gr,https://storage.googleapis.com/indo-astro/All_Coco_-_Coconut_Snowflake_150gr_PRODUCT_1645505697517_240x240.png,35400,,10,1000,150
All Coco - Coconut Snowball 300gr,https://storage.googleapis.com/indo-astro/All_Coco_-_Coconut_Snowball_300gr_1647689951831_PRODUCT_240x240.png,50500,,2,1000,300
Snapple Juices Grape 473ml,https://storage.googleapis.com/indo-astro/Snapple_Juices_Grape_473ml_PRODUCT_1645059295986_240x240.png,42500,,4,1000,473
Snapple Juices Kiwi Strawberry  473ml,https://storage.googleapis.com/indo-astro/Snapple_Juices_Kiwi_Strawberry__473ml_PRODUCT_1645059253626_240x240.png,42500,,5,10000,473
Le Minerale - Galon 15L,https://storage.googleapis.com/indo-astro/Le_Minerale_-_Galon_15L_PRODUCT_1645059352614_240x240.png,20200,,4,1000,4990000
Buavita Jeruk Juice 1000ml,https://storage.googleapis.com/indo-astro/Buavita_Jeruk_Juice_1000ml_1658476687828_PRODUCT_240x240.png,31000,,6,1089,1000
CHAOH Unsweetened Green Tea With Matcha 450 ml,https://storage.googleapis.com/indo-astro/CHAOH_Unsweetened_Green_Tea_With_Matcha_450_ml_1658202531378_PRODUCT_240x240.png,7900,,2,605,450
A&W - 250ml Can,https://storage.googleapis.com/indo-astro/A&W_-_250ml_Can_1657966436137_PRODUCT_240x240.png,5900,5400,2,817419,250
Coca Cola Zero - 250 ml Can,https://storage.googleapis.com/indo-astro/Coca_Cola_Zero_-_250_ml_Can_1657966840144_PRODUCT_240x240.png,5900,5400,1,536519,250
Teh Bandulan 24 x 180ML - 1 Box,https://storage.googleapis.com/indo-astro/Teh_Bandulan_24_x_180ML_-_1_Box_1657188592379_PRODUCT_240x240.png,29900,,6,783.75,180
Adem Sari Minuman Penyejuk 5 X 7G,https://storage.googleapis.com/indo-astro/Adem_Sari_Minuman_Penyejuk_5_X_7G_1656655596442_PRODUCT_240x240.png,15500,,4,384.75,350
Hydro Coco 1000ml,https://storage.googleapis.com/indo-astro/Hydro_Coco_1000ml_1656569250007_PRODUCT_240x240.png,23300,,12,612,1000
Hydro Coco 500ml,https://storage.googleapis.com/indo-astro/Hydro_Coco_500ml_1656569284567_PRODUCT_240x240.png,13600,,12,720,500
Ito En Unsweetened Barley Tea 500ml,https://storage.googleapis.com/indo-astro/Ito_En_Unsweetened_Barley_Tea_500ml_1656502883283_PRODUCT_240x240.png,12000,,3,720,500
Nu Milk Tea 330ML,https://storage.googleapis.com/indo-astro/Nu_Milk_Tea_330ML_1656920547477_PRODUCT_240x240.png,7100,,3,684,330
Adem Sari Ching Ku Sparkling Herbal Lemon 320ml,https://storage.googleapis.com/indo-astro/Adem_Sari_Ching_Ku_Sparkling_Herbal_Lemon_320ml_PRODUCT_1645285595090_240x240.png,6600,,5,224,130
Nu Green Tea Honey 450ML,https://storage.googleapis.com/indo-astro/Nu_Green_Tea_Honey_450ML_1656903499245_PRODUCT_240x240.png,6500,,6,929.5,450
Aqua Multipack 1500ml X 6,https://storage.googleapis.com/indo-astro/Aqua_Multipack_1500ml_X_6_1656993617738_PRODUCT_240x240.png,38400,,18,1000,1550
COCO NICO Coconut Juice 245 ml,https://storage.googleapis.com/indo-astro/COCO_NICO_Coconut_Juice_245_ml_1655881148143_PRODUCT_240x240.png,13200,,2,325,245
Teh Gelas Original 350 ml,https://storage.googleapis.com/indo-astro/Teh_Gelas_Original_350_ml_1655192305246_PRODUCT_240x240.png,3500,,5,684,350
Frestea Nusantara Botol 350ml,https://storage.googleapis.com/indo-astro/Frestea_Nusantara_Botol_350ml_1654846520975_PRODUCT_240x240.png,5000,4000,2,684,350
Fanta Strawberry - 250ml Can,https://storage.googleapis.com/indo-astro/Fanta_Strawberry_-_250ml_Can_1656920718640_PRODUCT_240x240.png,5700,5200,1,1000,250
Coca Cola Classic - 250 ml Can,https://storage.googleapis.com/indo-astro/Coca_Cola_Classic_-_250_ml_Can_1655458402094_PRODUCT_240x240.png,5900,5400,4,375,250
[CHILLED] Pokka Green Tea Sweet 450ml/Teh,https://storage.googleapis.com/indo-astro/[CHILLED]_Pokka_Green_Tea_Sweet_450ml_Teh_1655645703605_PRODUCT_240x240.png,7100,,4,1078,480
CAP BADAK Rootbeer 285 ml ,https://storage.googleapis.com/indo-astro/CAP_BADAK_Rootbeer_285_ml__1655091309917_PRODUCT_240x240.png,18900,,21,525,285
Max Tea Teh Tarik isi 30 Sachet,https://storage.googleapis.com/indo-astro/Max_Tea_Teh_Tarik_isi_30_Sachet_1656044668578_PRODUCT_240x240.png,55600,,2,1000,900
CY Double Hot Chocolate 40gr,https://storage.googleapis.com/indo-astro/CY_Double_Hot_Chocolate_40gr_1649824866385_PRODUCT_240x240.png,8000,3200,12,1000,40
Kirin Gogo No Kocha Milk Tea Botol 500ml - New Pack,https://storage.googleapis.com/indo-astro/Kirin_Gogo_No_Kocha_Milk_Tea_Botol_500ml_-_New_Pack_1648971321981_PRODUCT_240x240.png,36600,,8,1000,500
Prima Rasa Fruit Cocktail 450gr,https://storage.googleapis.com/indo-astro/Prima_Rasa_Fruit_Cocktail_450gr_1647916189602_PRODUCT_240x240.png,18700,,19,1000,450
Realfood - Jelly 12 x 20gr,https://storage.googleapis.com/indo-astro/Real_Food_-_Jelly_12_x_20gr_1647395163662_PRODUCT_240x240.png,176800,,10,1000,240
Realfood - Up Peach 210ml,https://storage.googleapis.com/indo-astro/Real_Food_-_Up_Peach_210ml_1647395005990_PRODUCT_240x240.png,32400,,10,1000,210
Realfood - Up Kurma 210ml,https://storage.googleapis.com/indo-astro/Real_Food_-_Up_Kurma_210ml_1647394969981_PRODUCT_240x240.png,32400,,5,1000,210
Realfood - Up Original 210ml,https://storage.googleapis.com/indo-astro/Real_Food_-_Up_Original_210ml_1647394944789_PRODUCT_240x240.png,32400,,6,1000,210
Amino Vital Apple 100gr,https://storage.googleapis.com/indo-astro/Amino_Vital_Apple_100gr_1653882846792_PRODUCT_240x240.png,36400,,12,1000,100
Cap Panda Liang Teh 310ml,https://storage.googleapis.com/indo-astro/Cap_Panda_Liang_Teh_310ml_PRODUCT_240x240.png,6400,,3,1000,310
Cap Panda Grass Jelly 310ml,https://storage.googleapis.com/indo-astro/Cap_Panda_Grass_Jelly_310ml_PRODUCT_240x240.png,6400,,4,1000,310
Toza Juice Orange 1 Liter,https://storage.googleapis.com/indo-astro/Toza_Juice_Orange_1_Liter_PRODUCT_240x240.png,27500,,4,1000,1000
Toza Juice Soursoup 1 Liter,https://storage.googleapis.com/indo-astro/Toza_Juice_Soursoup_1_Liter_PRODUCT_240x240.png,27500,,9,1000,1000
Toza Juice Mango 1 Liter,https://storage.googleapis.com/indo-astro/Toza_Juice_Mango_1_Liter_PRODUCT_240x240.png,27500,,8,1000,1000
Pristine Mineral Water 1500ml,https://storage.googleapis.com/indo-astro/Pristine_Mineral_Water_1500ml_PRODUCT_240x240.png,9100,,12,1000,1500
Hemaviton C1000 Lemon 330ml,https://storage.googleapis.com/indo-astro/Hemaviton_C1000_Lemon_330ml_PRODUCT_1646726341036_240x240.png,6600,,14,1000,330
Oronamin C Drink 120ml,https://storage.googleapis.com/indo-astro/Oronamin_C_Drink_120ml_240x240.png,6700,,10,1000,120
Sido Muncul Minuman Susu Jahe 10's,https://storage.googleapis.com/indo-astro/Sido_Muncul_Minuman_Susu_Jahe_10's_PRODUCT_240x240.png,14000,,3,1000,100
Tropicana Slim Avocado Coffee 56gr,https://storage.googleapis.com/indo-astro/Tropicana_Slim_Avocado_Coffee_56gr_1655356817531_PRODUCT_240x240.png,16200,14700,2,1000,56
CY Beverages Double Hot Choco Less Sugar 39gr,https://storage.googleapis.com/indo-astro/CY_Beverages_Double_Hot_Choco_Less_Sugar_39gr_1649825392868_PRODUCT_240x240.png,7000,2800,11,1000,39
YOU-C 1000 Lemon Water - 500ml,https://storage.googleapis.com/indo-astro/YOU-C_1000_Lemon_Water_-_500ml_240x240.png,8000,,11,756,530
MYTEA Teh Poci,https://storage.googleapis.com/indo-astro/MYTEA_Teh_Poci_450ml_PRODUCT_1646618809114_240x240.png,6400,,2,1000,450
MYTEA +450ml,https://storage.googleapis.com/indo-astro/MYTEA_Plus_Oolong_450ml_PRODUCT_1646269168294_240x240.png,6400,,2,1000,450
Kopi Kenangan Avocuddle Hanya Untukmu 220ml,https://storage.googleapis.com/indo-astro/Kopi_Kenagan_Avocuddle_Hanya_Untukmu_220ml_PRODUCT_1645769256001_240x240.png,9600,,4,1000,220
Kopi Kenangan Black Aren Hanya Untukmu 220ml,https://storage.googleapis.com/indo-astro/Kopi_Kenangan_Black_Aren_Hanya_Untukmu_220ml_PRODUCT_1645769320897_240x240.png,9600,,1,1000,220
Kopi Kenangan Mantancino Hanya Untukmu 220ml,https://storage.googleapis.com/indo-astro/Kopi_Kenangan_Mantancino_Hanya_Untukmu_220ml_PRODUCT_1645769270145_240x240.png,9600,,5,1000,220
Pocari Sweat 2L,https://storage.googleapis.com/indo-astro/Pocari_Sweat_2L_PRODUCT_1645695317442_240x240.png,22300,,3,1000,2000
Diamond Jungle Juice Apple 1L,https://storage.googleapis.com/indo-astro/Diamond_Jungle_Juice_Apple_1L_PRODUCT_1645763849690_240x240.png,29300,,7,1000,1000
Diamond Jungle Juice Guava 1L,https://storage.googleapis.com/indo-astro/Diamond_Jungle_Juice_Guava_1L_PRODUCT_1645763594079_240x240.png,29300,,3,1000,100
Diamond Jungle Juice Orange 1L,https://storage.googleapis.com/indo-astro/Diamond_Jungle_Juice_Orange_1L_PRODUCT_1645763276384_240x240.png,29300,,10,1000,1000
Diamond Jungle Juice Apple 200ml,https://storage.googleapis.com/indo-astro/Diamond_Jungle_Juice_Apple_200ml_PRODUCT_1645765087816_240x240.png,7600,,3,1000,200
Diamond Jungle Juice Guava 200ml,https://storage.googleapis.com/indo-astro/Diamond_Jungle_Juice_Guava_200ml_PRODUCT_1645764781129_240x240.png,7600,,7,1000,200
Diamond Jungle Juice Orange 200ml,https://storage.googleapis.com/indo-astro/Diamond_Jungle_Juice_Orange_200ml_PRODUCT_1645764560732_240x240.png,7600,,6,1000,200
Sosro Fruit Tea Strawberry PET 500ml,https://storage.googleapis.com/indo-astro/Sosro_Fruit_Tea_Strawberry_PET_500ml_PRODUCT_1645762318379_240x240.png,6800,,4,1000,500
Sosro Fruit Tea Freeze PET 500ml,https://storage.googleapis.com/indo-astro/Sosro_Fruit_Tea_Freeze_PET_500ml_PRODUCT_1645762041898_240x240.png,6800,,3,1000,500
Sosro Fruit Tea Blackcurrant PET 500ml,https://storage.googleapis.com/indo-astro/Sosro_Fruit_Tea_Blackcurrant_PET_500ml_PRODUCT_1645761820791_240x240.png,6800,,3,1000,500
Sosro Fruit Tea Apel PET 500ml,https://storage.googleapis.com/indo-astro/Sosro_Fruit_Tea_Apel_PET_500ml_PRODUCT_1645761183512_240x240.png,6800,,4,1000,500
Teh Botol Sosro Kotak 1L,https://storage.googleapis.com/indo-astro/Sosro_Teh_Botol_Kotak_1L_PRODUCT_1645760754770_240x240.png,10100,,27,1000,1000
All Coco - Coconut Snowflake 150gr,https://storage.googleapis.com/indo-astro/All_Coco_-_Coconut_Snowflake_150gr_PRODUCT_1645505697517_240x240.png,35400,,10,1000,150
All Coco - Coconut Snowball 300gr,https://storage.googleapis.com/indo-astro/All_Coco_-_Coconut_Snowball_300gr_1647689951831_PRODUCT_240x240.png,50500,,2,1000,300
Snapple Juices Grape 473ml,https://storage.googleapis.com/indo-astro/Snapple_Juices_Grape_473ml_PRODUCT_1645059295986_240x240.png,42500,,4,1000,473
Snapple Juices Kiwi Strawberry  473ml,https://storage.googleapis.com/indo-astro/Snapple_Juices_Kiwi_Strawberry__473ml_PRODUCT_1645059253626_240x240.png,42500,,5,10000,473
Le Minerale - Galon 15L,https://storage.googleapis.com/indo-astro/Le_Minerale_-_Galon_15L_PRODUCT_1645059352614_240x240.png,20200,,4,1000,4990000
Mojiso Aurora Grape Halal (Non Alkohol) 360ml,https://storage.googleapis.com/indo-astro/Mojiso_Aurora_Grape_Halal_(Non_Alkohol)_360ml_PRODUCT_240x240.png,44900,,5,1000,360
Mojiso Blue Ocean Halal (Non Alkohol) 360ml,https://storage.googleapis.com/indo-astro/Mojiso_Blue_Ocean_Halal_(Non_Alkohol)_360ml_PRODUCT_240x240.png,44900,,23,1000,360
Mojiso Peach Halal (Non Alkohol) 360ml,https://storage.googleapis.com/indo-astro/Mojiso_Peach_Halal_(Non_Alkohol)_360ml_PRODUCT_240x240.png,44900,,8,1000,360
Mojiso Lychee Halal (Non Alkohol) 360ml,https://storage.googleapis.com/indo-astro/Mojiso_Lychee_Halal_(Non_Alkohol)_360ml_PRODUCT_240x240.png,44900,,6,1000,360
Acaii - Pink Drink 250ml,https://storage.googleapis.com/indo-astro/Acaii_-_Pink_Drink_250ml_PRODUCT_1646711235981_240x240.png,20200,,5,1000,250
Sido Muncul Minuman Jahe Wangi 5's,https://storage.googleapis.com/indo-astro/Sido_Muncul_Minuman_Jahe_Wangi_5's_PRODUCT_1644563443082_240x240.png,7600,,4,1000,100
Tango Drink Velluto 250ml,https://storage.googleapis.com/indo-astro/Tango_Drink_Velluto_250ml_PRODUCT_1644464949047_240x240.png,6100,,16,1000,250
Hydrococo Vita-D 330ml,https://storage.googleapis.com/indo-astro/Hydrococo_Vita-D_330ml_PRODUCT_1644633768422_240x240.png,10700,,24,1000,330
Acaii - Bee C Shot 125ml,https://storage.googleapis.com/indo-astro/Acaii_-_Bee_C_Shot_125ml_PRODUCT_1644635193491_240x240.png,20200,,6,1000,125
Jayo Minuman Jahe Original 150ml,https://storage.googleapis.com/indo-astro/Jayo_Minuman_Jahe_Original_150ml_PRODUCT_1646275071870_240x240.png,6500,,22,1000,150
Acaii - Teatox Berry 250ml,https://storage.googleapis.com/indo-astro/Acaii_-_Teatox_Berry_250ml_PRODUCT_1646711400540_240x240.png,20000,,8,1000,250
Acaii - Honey Lemon Jelly 250ml,https://storage.googleapis.com/indo-astro/Acaii_-_Honey_Lemon_Jelly_250ml_PRODUCT_1646187998663_240x240.png,20200,,4,1000,250
ABC Special Grade Sirup Melon 485ml/Syrup,https://storage.googleapis.com/indo-astro/ABC_Special_Grade_Sirup_Melon_485ml_Syrup_240x240.png,23300,18200,5,1000,485
ABC Squash Sirup Mangga 460ml/Syrup,https://storage.googleapis.com/indo-astro/ABC_Squash_Sirup_Mangga_460ml_Syrup_240x240.png,14500,,6,1000,460
Marjan Boudoin Sirup Lychee 460ml/Syrup,https://storage.googleapis.com/indo-astro/Marjan_Boudoin_Sirup_Lychee_460ml_Syrup_240x240.png,23300,,35,1000,460
Marjan Squash Sirup Cocopandan 450ml/Syrup,https://storage.googleapis.com/indo-astro/Marjan_Squash_Sirup_Cocopandan_450ml_Syrup_240x240.png,14200,,13,1000,450
Marjan Squash Sirup Orange 450ml/Syrup,https://storage.googleapis.com/indo-astro/Marjan_Squash_Sirup_Orange_450ml_Syrup_240x240.png,14200,,12,1000,450
Pocari Sweat 500ml,https://storage.googleapis.com/indo-astro/Pocari_Sweat_500ml_PRODUCT_1645117767185_240x240.png,7700,,12,525,200
Max Tea Lemon Tea isi 30 Sachet,https://storage.googleapis.com/indo-astro/Max_Tea_Lemon_Tea_isi_30_Sachet_1652242878421_PRODUCT_240x240.png,35400,,7,1000,750
Kapal Api Special Mix Kopi + Gula Bag 25gr isi 10 Sachet 25gr,https://storage.googleapis.com/indo-astro/Kapal_Api_Special_Mix_Coffee_Kopi_Hitam_+_Gula_Bag_isi_10sch_25gr_240x240.png,14500,,6,1000,250
Sinde Acaraki Golden Sparkling Jamu Soda 320ml,https://storage.googleapis.com/indo-astro/Sinde_Acaraki_Golden_Sparkling_Jamu_Soda_320ml_240x240.png,10400,,2,1000,320
Cadbury 3 in 1 Hot Chocolate Drink Minuman Cokelat 30gr isi 15sch,https://storage.googleapis.com/indo-astro/Cadbury_3_in_1_Hot_Chocolate_Drink_Minuman_Cokelat_30gr_isi_15sch_240x240.png,72500,,5,1000,100
Beng-Beng Instan Chocolate Powdered Drink Minuman Cokelat  30gr isi 10sch,https://storage.googleapis.com/indo-astro/Beng-Beng_Instan_Chocolate_Powdered_Drink_Minuman_Cokelat__30gr_isi_10sch_PRODUCT_1645709196892_240x240.png,22800,,5,1000,30
Delfi Indulgence 3-in-1 Hot Cocoa Minuman Cokelat Mix 25gr isi 20sch,https://storage.googleapis.com/indo-astro/Delfi_Indulgence_3-in-1_Hot_Cocoa_Minuman_Cokelat_Mix_25gr_isi_20sch_240x240.png,60500,,4,1000,500
Pororo Mango Flavored Juice 235ml,https://storage.googleapis.com/indo-astro/Pororo_Mango_Flavored_Juice_235ml_240x240.png,13100,,8,1000,235
Pororo Strawberry Flavored Juice 235ml,https://storage.googleapis.com/indo-astro/Pororo_Strawberry_Flavored_Juice_235ml_240x240.png,13100,,4,1000,235
Mogu Mogu Mango Juice 320ml/Jus,https://storage.googleapis.com/indo-astro/Mogu_Mogu_Mango_Juice_320ml_Jus_240x240.png,10000,,5,432,320
Mogu Mogu Lychee Juice 320ml/Jus,https://storage.googleapis.com/indo-astro/Mogu_Mogu_Lychee_Juice_320ml_Jus_PRODUCT_1645077701540_240x240.png,9900,,3,432,320
Mogu Mogu Coconut Juice 320ml/Jus,https://storage.googleapis.com/indo-astro/Mogu_Mogu_Coconut_Juice_320ml_Jus_240x240.png,10000,,4,432,320
Pororo Blueberry Flavored 235ml,https://storage.googleapis.com/indo-astro/Pororo_Blueberry_Flavored_235ml_240x240.png,13100,,4,1000,235
Pororo Milk Flavored Juice 235ml,https://storage.googleapis.com/indo-astro/Pororo_Milk_Flavored_Juice_235ml_240x240.png,13700,,4,1000,235
Hemaviton Vitamin C 1000 Orange 330ml,https://storage.googleapis.com/indo-astro/Hemaviton_Vitamin_C_1000_Orange_330ml_240x240.png,7600,,11,396,330
Hemaviton Vitamin C 1000 Less Sugar Orange 330ml,https://storage.googleapis.com/indo-astro/Hemaviton_Vitamin_C_1000_Less_Sugar_Orange_330ml_240x240.png,7600,,6,396,330
Hemaviton Vitamin C 1000 +Colagent 1000 Mg Orange Liquid Botol 150ml,https://storage.googleapis.com/indo-astro/Hemaviton_Vitamin_C_1000_+Colagent_1000_Mg_Orange_Liquid_Botol_150ml_240x240.png,7000,,6,325,150
Kratingdaeng-S Gold Botol 150ml,https://storage.googleapis.com/indo-astro/Kratingdaeng-S_Gold_Botol_150ml_240x240.png,7000,,29,325,150
Arizona Iced Tea with Lemon Flavor 680ml,https://storage.googleapis.com/indo-astro/Arizona_Iced_Tea_with_Lemon_Flavor_680ml_240x240.png,44500,,12,735,680
Aqua Mineral Water 600ml/Air Mineral,https://storage.googleapis.com/indo-astro/Aqua_Mineral_Water_600ml_Air_Mineral_1653973160945_PRODUCT_240x240.png,3600,,67,26013,600
Bir Bintang Radler Lemon - 320ml/Beer,https://storage.googleapis.com/indo-astro/Bir_Bintang_Radler_Lemon_-_320ml_Beer_240x240.png,14500,,4,504,320
Larutan Cap Kaki Tiga Anak Strawberry Can 250ml,https://storage.googleapis.com/indo-astro/Larutan_Cap_Kaki_Tiga_Anak_Strawberry_Can_250ml_240x240.png,5400,,3,250,250
Arizona Green Tea with Ginseng and Honey 680ml,https://storage.googleapis.com/indo-astro/Arizona_Green_Tea_with_Ginseng_and_Honey_680ml_240x240.png,42500,,5,575,680
Bir Bintang Zero - 330ml/Beer,https://storage.googleapis.com/indo-astro/Bir_Bintang_Zero_-_330ml_Beer_240x240.png,8600,,4,504,330
Bir Bintang Radler Blackcurrant & Lime - 320ml/Beer,https://storage.googleapis.com/indo-astro/Bir_Bintang_Radler_Blackcurrant_&_Lime_-_320ml_Beer_240x240.png,14500,,5,504,320
Yeo's Chrysanthemum Tea 250ml/Teh,https://storage.googleapis.com/indo-astro/Yeo's_Chrysanthemum_Tea_250ml_Teh_240x240.png,5000,,38,300,250
Yeo's Winter Melon Tea 300ml/Teh,https://storage.googleapis.com/indo-astro/Yeo's_Winter_Melon_Tea_300ml_Teh_240x240.png,7000,,18,360,300
Yeo's Chrysanthemum Can Tea 300ml/Teh,https://storage.googleapis.com/indo-astro/Yeo's_Chrysanthemum_Can_Tea_300ml_Teh_240x240.png,7000,,7,360,300
NU Teh Tarik Tea 330ml,https://storage.googleapis.com/indo-astro/NU_Teh_Tarik_Tea_330ml_240x240.png,6900,,4,1152,330
Larutan Cap Kaki Tiga Anak - 200ml,https://storage.googleapis.com/indo-astro/Larutan_Cap_Kaki_Anak_-_200ml_240x240.png,3900,,2,304,230
NU Yogurt Tea Rasa Original 450ml/Teh,https://storage.googleapis.com/indo-astro/NU_Yogurt_Tea_Rasa_Original_450ml_Teh_240x240.png,6500,,5,1000,450
Olatte Pear Can 240ml,https://storage.googleapis.com/indo-astro/Olatte_Pear_Can_240ml_PRODUCT_1646280188153_240x240.png,10000,,1,400,240
Olatte Peach Can 240ml,https://storage.googleapis.com/indo-astro/Olatte_Peach_Can_240ml_PRODUCT_1646280208973_240x240.png,9800,,5,400,240
Mustika Ratu Kunir Asam 200ml,https://storage.googleapis.com/indo-astro/Mustika_Ratu_Kunir_Asam_200ml_PRODUCT_1645065053728_240x240.png,7300,,3,280,200
Mustika Ratu Gula Asam 200ml,https://storage.googleapis.com/indo-astro/Mustika_Ratu_Gula_Asam_200ml_PRODUCT_1645065022782_240x240.png,7300,,1,280,200
Kreasi Mas Indah Rootbeer 250ml,https://storage.googleapis.com/indo-astro/Kreasi_Mas_Indah_Rootbeer_250ml_240x240.png,7200,,1,288,250
Kratingdaeng Red Bull Botol 150ml,https://storage.googleapis.com/indo-astro/Kratingdaeng_Red_Bull_Botol_150ml_240x240.png,5900,,3,350,150
Kuku Bima Ener-G Vit C1000 Ginseng Royall Jelly Anggur 5.5gr isi 6sch,https://storage.googleapis.com/indo-astro/Kuku_Bima_Ener-G_Vit_C1000_Ginseng_Royall_Jelly_Anggur_5.5gr_isi_6sch_240x240.png,7500,7200,5,96,33
Green Sands Original Lime & Apple Can 330ml,https://storage.googleapis.com/indo-astro/Green_Sands_Original_Lime_&_Apple_Can_330ml_240x240.png,7300,,3,780,250
Delmonte Boba Rasa Caramel Cheese Can Coffee 240ml/Kopi,https://storage.googleapis.com/indo-astro/Delmonte_Boba_Rasa_Caramel_Cheese_Can_Coffee_240ml_Kopi_240x240.png,9600,,5,400,240
Sosro Fruit Tea Apple Botol 350ml/Teh,https://storage.googleapis.com/indo-astro/Sosro_Fruit_Tea_Apple_Botol_350ml_Teh_240x240.png,4400,,3,612,350
Sosro Fruit Tea Freeze Strawberry & Anggur Botol 350ml/Teh,https://storage.googleapis.com/indo-astro/Sosro_Fruit_Tea_Freeze_Strawberry_&_Anggur_Botol_350ml_Teh_240x240.png,4400,,3,612,350
Sosro Fruit Tea Blackcurrant Botol 350ml/Teh,https://storage.googleapis.com/indo-astro/Sosro_Fruit_Tea_Blackcurrant_Botol_350ml_Teh_240x240.png,4400,,6,612,350
Floridina Orange Coco Juice 350ml/Jus,https://storage.googleapis.com/indo-astro/Floridina_Orange_Coco_Juice_350ml_Jus_240x240.png,3100,,14,612,350
HiLo Thai Tea 200ml/Teh,https://storage.googleapis.com/indo-astro/HiLo_Thai_Tea_200ml_Teh_PRODUCT_1646275761015_240x240.png,7100,,3,280,200
ABC Sari Kacang Hijau 250ml/Kacang Ijo,https://storage.googleapis.com/indo-astro/ABC_Sari_Kacang_Hijau_250ml_Kacang_Ijo_PRODUCT_1644991537799_240x240.png,5100,4000,11,780,250
Buavita Guava Juice 1000ml/Jus,https://storage.googleapis.com/indo-astro/Buavita_Guava_Juice_1000ml_Jus_PRODUCT_1645262474327_240x240.png,31000,,6,1029,1000
Floridina Orange Pulp Juice 350ml/Jus,https://storage.googleapis.com/indo-astro/Floridina_Orange_Pulp_Juice_350ml_Jus_240x240.png,3100,,6,612,350
Pokka Green Tea Jasmine Can 300ml/Teh,https://storage.googleapis.com/indo-astro/Pokka_Green_Tea_Jasmine_Can_300ml_Teh_240x240.png,9100,,6,576,300
Pokka Mango Tea 450ml/Teh,https://storage.googleapis.com/indo-astro/Pokka_Mango_Tea_450ml_Teh_240x240.png,5100,,6,1078,450
Pokka Lychee Tea 450ml/Teh,https://storage.googleapis.com/indo-astro/Pokka_Lychee_Tea_450ml_Teh_240x240.png,5100,,9,1078,450
Good Day Funtastic Mocacinno Coffee 250ml/Kopi,https://storage.googleapis.com/indo-astro/Good_Day_Funtastic_Mocacinno_Coffee_250ml_Kopi_240x240.png,6600,,3,375,250
Golda Dolce Latte Coffee 200ml/Kopi,https://storage.googleapis.com/indo-astro/Golda_Dolce_Latte_Coffee_200ml_Kopi_PRODUCT_1645460635275_240x240.png,3100,,3,280,200
ABC Susu Brazilian Coffee 200ml/Kopi,https://storage.googleapis.com/indo-astro/ABC_Susu_Brazilian_Coffee_200ml_Kopi_240x240.png,3100,,9,280,200
ABC Chocomalt Coffee 200ml/Kopi,https://storage.googleapis.com/indo-astro/ABC_Chocomalt_Coffee_200ml_Kopi_240x240.png,3100,,4,280,200
Good Day Avocado Delight Coffee 250ml/Kopi,https://storage.googleapis.com/indo-astro/Good_Day_Avocado_Delight_Coffee_250ml_Kopi_PRODUCT_1646270006253_240x240.png,6600,,6,375,250
Good Day Tiramisu Bliss Coffee 250ml/Kopi,https://storage.googleapis.com/indo-astro/Good_Day_Tiramisu_Bliss_Coffee_250ml_Kopi_240x240.png,6600,,2,375,250
Ultra Sari Kacang Ijo 250ml/Kacang Hijau,https://storage.googleapis.com/indo-astro/Ultra_Sari_Kacang_Ijo_250ml_Kacang_Hijau_240x240.png,5000,,3,780,250
Good Day Originale Cappuccino Coffee 250ml/Kopi,https://storage.googleapis.com/indo-astro/Good_Day_Originale_Cappuccino_Coffee_250ml_Kopi_240x240.png,6600,,6,375,250
Coolant Ekstrak Bengkoang 350ml,https://storage.googleapis.com/indo-astro/Coolant_Ekstrak_Bengkoang_350ml_240x240.png,5800,,10,684,350
Tora Iced Cappuccino Coffee180ml/Kopi,https://storage.googleapis.com/indo-astro/Tora_Iced_Cappuccino_Coffee180ml_Kopi_240x240.png,3600,,2,325,180
Tora Cafe Iced Milky Latte Coffee 180ml/Kopi,https://storage.googleapis.com/indo-astro/Tora_Cafe_Iced_Milky_Latte_Coffee_180ml_Kopi_240x240.png,3600,,3,325,180
Kopiko Lucky Day Thai Coffee 180ml/Kopi,https://storage.googleapis.com/indo-astro/Kopiko_Lucky_Day_Thai_Coffee_180ml_Kopi_240x240.png,7400,,2,325,180
Kopiko 78C Latte Coffee 240ml/Kopi,https://storage.googleapis.com/indo-astro/Kopiko_78C_Latte_Coffee_240ml_Kopi_240x240.png,6400,,4,504,240
Teh Pucuk Harum Wangi Melati Botol 1360ml/Tea,https://storage.googleapis.com/indo-astro/Teh_Pucuk_Harum_Wangi_Melati_Botol_1360ml_Tea_240x240.png,12200,,5,1984,1360
Teh Pucuk Harum Wangi Melati Botol 500ml/Tea,https://storage.googleapis.com/indo-astro/Teh_Pucuk_Harum_Wangi_Melati_Botol_500ml_Tea_PRODUCT_1645174462968_240x240.png,6500,,16,720,500
Minute Maid Pulpy Orange Juice 1L/Jus,https://storage.googleapis.com/indo-astro/Minute_Maid_Pulpy_Orange_Juice_1L_Jus_240x240.png,15200,,4,1024,1000
Minute Maid Pulpy Orange Juice 300ml/Jus,https://storage.googleapis.com/indo-astro/Minute_Maid_Pulpy_Orange_Juice_300ml_Jus_PRODUCT_1645261837003_240x240.png,5100,,8,576,300
Frestea Tea Jasmine Botol 1500ml/Teh,https://storage.googleapis.com/indo-astro/Frestea_Tea_Teh_Melati_Botol_1500ml_Teh_240x240.png,16000,14500,5,2048,1500
Coca-Cola Botol 390ml/Soda,https://storage.googleapis.com/indo-astro/Coca-Cola_Botol_390ml_Soda_240x240.png,6700,,6,1078,390
Fanta Strawberry Botol 1500ml/Soda,https://storage.googleapis.com/indo-astro/Fanta_Strawberry_Botol_1500ml_Soda_240x240.png,15200,13600,4,2048,1500
Larutan Cap Kaki Tiga - 200ml,https://storage.googleapis.com/indo-astro/Larutan_Cap_Kaki_Tiga_-_200ml_240x240.png,3900,,1,304,230
Larutan Cap Kaki Tiga Leci - 320ml,https://storage.googleapis.com/indo-astro/Larutan_Cap_Kaki_Tiga_Leci_-_320ml_240x240.png,7300,,17,588,370
Fibe Mini 100ml,https://storage.googleapis.com/indo-astro/Fibe_Mini_100ml_240x240.png,7700,,8,250,100
Ito En Unsweetened Oolong Tea 480ml/Teh,https://storage.googleapis.com/indo-astro/Ito_En_Unsweetened_Oolong_Tea_480ml_Teh_1657266902296_PRODUCT_240x240.png,9900,,8,720,480
Marjan Boudoin Sirup Melon 460ml/Syrup,https://storage.googleapis.com/indo-astro/Marjan_Boudoin_Sirup_Melon_460ml_Syrup_240x240.png,23300,,8,1000,460
YOU-C 1000 Lemon - 140ml,https://storage.googleapis.com/indo-astro/YOU-C_1000_Lemon_-_140ml_240x240.png,8300,,9,325,170
Pokka Natsbee Honey Lemon - 450ml,https://storage.googleapis.com/indo-astro/Pokka_Natsbee_Honey_Lemon_-_450ml_240x240.png,6500,5500,6,1078,200
Diamond Cranberi Juice 946ml/Jus,https://storage.googleapis.com/indo-astro/Diamond_Cranberi_Juice_946ml_Jus_240x240.png,36000,,3,1225,970
Ito En Unsweetened Jasmine Green Tea 500ml/Teh,https://storage.googleapis.com/indo-astro/Ito_En_Unsweetened_Jasmine_Green_Tea_500ml_Teh_240x240.png,10100,,12,720,530
Ito En Oi Ocha Green Tea 500ml/Teh,https://storage.googleapis.com/indo-astro/Ito_En_Oi_Ocha_Green_Tea_500ml_Teh_240x240.png,10100,,1,792,530
Nescafe Latte Coffee 220ml/Kopi,https://storage.googleapis.com/indo-astro/Nescafe_Latte_Coffee_220ml_Kopi_240x240.png,6900,,17,400,250
Nescafe Caramel Macchiato Coffee 220ml/Kopi,https://storage.googleapis.com/indo-astro/Nescafe_Caramel_Macchiato_Coffee_220ml_Kopi_240x240.png,6900,,4,400,250
Redbull Energy Drink 250ml,https://storage.googleapis.com/indo-astro/Redbull_Energy_Drink_250ml_1658999425916_PRODUCT_240x240.png,20100,,5,350,300
YOU-C 1000 Orange Water - 500ml,https://storage.googleapis.com/indo-astro/YOU-C_1000_Orange_Water_-_500ml_240x240.png,8000,,12,756,530
Buavita Guava Juice - 245ml/Jus ,https://storage.googleapis.com/indo-astro/Buavita_Guava_Juice_-_250ml_Jus__240x240.png,8400,,12,280,280
Buavita Jeruk Juice - 245ml/Jus ,https://storage.googleapis.com/indo-astro/Buavita_Jeruk_Juice_-_250ml_Jus__240x240.png,8400,,12,280,280
Kratingdaeng Can 250ml,https://storage.googleapis.com/indo-astro/Kratingdaeng_Can_250ml_PRODUCT_1646271552662_240x240.png,8700,,6,250,280
Le Minerale  Water - 600ml/Air Mineral,https://storage.googleapis.com/indo-astro/Le_Minerale__Water_-_600ml_Air_Mineral_240x240.png,3600,,6,864,630
Larutan Cap Kaki Tiga Jeruk - 320ml,https://storage.googleapis.com/indo-astro/Larutan_Cap_Kaki_Tiga_Jeruk_-_320ml_240x240.png,7300,,6,588,370
Bajigur Hanjuang 100gr,https://storage.googleapis.com/indo-astro/Bajigur_Hanjuang_-_100gr_240x240.png,11200,,6,242,100
Bandrek Hanjuang 100gr,https://storage.googleapis.com/indo-astro/Bandrek_Hanjuang_-_100gr_240x240.png,11200,,11,242,140
Pokka Lemon Tea Sweet 450ml/Teh,https://storage.googleapis.com/indo-astro/Pokka_Lemon_Tea_Sweet_450ml_Teh_240x240.png,6400,5900,1,1078,480
Kiranti Sehat Pegal Linu 150ml,https://storage.googleapis.com/indo-astro/Kiranti_Sehat_Pegal_Linu_150ml_240x240.png,6900,,2,240,300
Kiranti Sehat Datang Bulan 150ml,https://storage.googleapis.com/indo-astro/Kiranti_Sehat_Datang_Bulan_150ml_240x240.png,6900,,2,240,150
Ottogi Honey Citron Tea 500gr,https://storage.googleapis.com/indo-astro/Ottogi_Honey_Citron_Tea_500gr_240x240.png,64100,,4,637,800
[CHILLED] Aqua Mineral Water 600ml,https://storage.googleapis.com/indo-astro/[CHILLED]_Aqua_Mineral_Water_600ml_1655645933722_PRODUCT_240x240.png,4100,,0,20631,600
Fanta Orange 390ml/Soda,https://storage.googleapis.com/indo-astro/Fanta_Orange_390ml_Soda_240x240.png,6700,,0,1078,420
Amidis Distilled Water 600ml,https://storage.googleapis.com/indo-astro/Amidis_Air_Mineral_600ml_1658297791838_PRODUCT_240x240.png,3200,,0,971.75,600
Amidis Distilled Water 1500ml,https://storage.googleapis.com/indo-astro/Amidis_Air_Mineral_1500ml_1658297768423_PRODUCT_240x240.png,6400,,0,2312,1500
Atlas Es Batu Tube Ice 5KG,https://storage.googleapis.com/indo-astro/Atlas_Es_Batu_Tube_Ice_5KG_1657273753334_PRODUCT_240x240.png,21000,,0,17500,5000
Nu Green Tea Original 330ML,https://storage.googleapis.com/indo-astro/Nu_Green_Tea_Original_330ML_1656920579869_PRODUCT_240x240.png,4100,,0,684,330
Nu Green Tea Honey 330ML,https://storage.googleapis.com/indo-astro/Nu_Green_Tea_Honey_330ML_1656920618022_PRODUCT_240x240.png,4100,,0,684,330
Nu Green Tea Original 450ML,https://storage.googleapis.com/indo-astro/Nu_Green_Tea_Original_450ML_1657168998333_PRODUCT_240x240.png,6500,,0,929.5,450
Sprite - 250ml Can,https://storage.googleapis.com/indo-astro/Sprite_-_250ml_Can_1655459446449_PRODUCT_240x240.png,5700,,0,1000,250
YOU-C 1000 Mango - 140ml,https://storage.googleapis.com/indo-astro/YOU-C_1000_Mango_-_140ml_PRODUCT_240x240.png,8600,,0,1000,140
Pristine Mineral Water 600ml,https://storage.googleapis.com/indo-astro/Pristine_Mineral_Water_600ml_1647400618962_PRODUCT_240x240.png,4900,,0,1000,600
Tebs PET 500ml,https://storage.googleapis.com/indo-astro/Tebs_PET_500ml_PRODUCT_1645693679828_240x240.png,7600,,0,1000,500
Acaii - Super Orange 250ml,https://storage.googleapis.com/indo-astro/Acaii_-_Super_Orange_250ml_PRODUCT_1646711306258_240x240.png,25000,,0,1000,250
Crystalline PET 600ml,https://storage.googleapis.com/indo-astro/Crystalline_PET_600ml_PRODUCT_1646271853052_240x240.png,3100,,0,1000,250
Acaii - Anti-flu Shot 125ml,https://storage.googleapis.com/indo-astro/Acaii_-_Anti-flu_Shot_125ml_PRODUCT_1644635524792_240x240.png,20000,,0,1000,125
Sprite Botol 1500ml,https://storage.googleapis.com/indo-astro/Sprite_Botol_1500ml_1658892373641_PRODUCT_240x240.png,15200,,0,2048,1500
ABC Squash Sirup Lychee 460ml/Syrup,https://storage.googleapis.com/indo-astro/ABC_Squash_Sirup_Lychee_460ml_Syrup_240x240.png,14500,,0,1000,460
Aqua Mineral Water Cup 220ml isi 48 Pcs,https://storage.googleapis.com/indo-astro/Aqua_Mineral_Water_Cup_220ml_isi_48_Pcs_1653973218956_PRODUCT_240x240.png,40200,,0,16800,10560
Mustika Ratu Beras Kencur 200ml,https://storage.googleapis.com/indo-astro/Mustika_Ratu_Beras_Kencur_200ml_PRODUCT_1645064997386_240x240.png,7300,,0,280,200
Minute Maid Pulpy White Grape With Nata De Coco Juice/Jus 300ml,https://storage.googleapis.com/indo-astro/Minute_Maid_Pulpy_White_Grape_With_Nata_De_Coco_Juice_Jus_300ml_240x240.png,5100,,0,576,300
Frestea Milk Tea Brown Sugar Botol 330ml/Teh,https://storage.googleapis.com/indo-astro/Frestea_Milk_Tea_Brown_Sugar_Botol_330ml_Teh_240x240.png,8000,,0,1152,330
Frestea Tea Frutcy Apel Botol 500ml/Teh,https://storage.googleapis.com/indo-astro/Frestea_Tea_Frutcy_Apel_Botol_500ml_Teh_240x240.png,6100,,0,792,500
Coca-Cola Botol 1500ml/Soda,https://storage.googleapis.com/indo-astro/Coca-Cola_Botol_1500ml_Soda_240x240.png,15200,,0,2048,1500
Fanta Strawberry Botol 390ml/Soda,https://storage.googleapis.com/indo-astro/Fanta_Strawberry_Botol_390ml_Soda_240x240.png,6700,,0,1078,390
Marjan Boudoin Sirup Cocopandan 460ml/Syrup,https://storage.googleapis.com/indo-astro/Marjan_Boudoin_Sirup_Cocopandan_460ml_Syrup_240x240.png,23300,,0,1000,460
Nescafe Cappuccino Coffee 220ml/Kopi,https://storage.googleapis.com/indo-astro/Nescafe_Cappuccino_Coffee_220ml_Kopi_240x240.png,6900,,0,400,250
Eternal+ Water 500ml/Air Mineral,https://storage.googleapis.com/indo-astro/Eternal+_Water_500ml_Air_Mineral_1651128541271_PRODUCT_240x240.png,8600,,0,2800,530
Pokka Oolong Tea Less Sweet 450ml/Teh ,https://storage.googleapis.com/indo-astro/Pokka_Oolong_Tea_Less_Sweet_450ml_Teh__240x240.png,6600,,0,1078,480
Schweppes Tonic Water Can 330ml,https://storage.googleapis.com/indo-astro/Schweppes_Tonic_Water_Can_330ml_PRODUCT_1646280945318_240x240.png,5800,,0,504,360
Ribena Blackcurrant Drink 330ml,https://storage.googleapis.com/indo-astro/Ribena_Blackcurrant_Drink_330ml_240x240.png,21000,,0,800,360